POSTE;DATE;RR;QRR;DRR;QDRR;TN;QTN;HTN;QHTN;TX;QTX;HTX;QHTX;TM;QTM;TMNX;QTMNX;TNSOL;QTNSOL;TN50;QTN50;DG;QDG;TAMPLI;QTAMPLI;TNTXM;QTNTXM;PMERM;QPMERM;PMERMIN;QPMERMIN;FFM;QFFM;FXI;QFXI;DXI;QDXI;HXI;QHXI;FXY;QFXY;DXY;QDXY;HXY;QHXY;FF2M;QFF2M;FXI2;QFXI2;DXI2;QDXI2;HXI2;QHXI2;FXI3S;QFXI3S;DXI3S;QDXI3S;HXI3S;QHXI3S;UN;QUN;HUN;QHUN;UX;QUX;HUX;QHUX;DHUMI40;QDHUMI40;DHUMI80;QDHUMI80;TSVM;QTSVM;DHUMEC;QDHUMEC;UM;QUM;INST;QINST;GLOT;QGLOT;DIFT;QDIFT;DIRT;QDIRT;SIGMA;QSIGMA;INFRART;QINFRART;UV_INDICEX;QUV_INDICEX;NB300;QNB300;BA300;QBA300;NEIG;QNEIG;BROU;QBROU;ORAG;QORAG;GRESIL;QGRESIL;GRELE;QGRELE;ROSEE;QROSEE;VERGLAS;QVERGLAS;SOLNEIGE;QSOLNEIGE;GELEE;QGELEE;FUMEE;QFUMEE;BRUME;QBRUME;ECLAIR;QECLAIR;ETPMON;QETPMON;ETPGRILLE;QETPGRILLE;UV;QUV;TMERMAX;QTMERMAX;TMERMIN;QTMERMIN;HNEIGEF;QHNEIGEF;NEIGETOTX;QNEIGETOTX;NEIGETOT06;QNEIGETOT06
73296005;20230101;0,0;1;;;0,7;1;834;9;6,1;1;1306;9;3,2;1;3,40;1;;;;;0;9;5,4;1;3,4;1;;;;;;;;;;;;;;;;;;;;;;;;;;;;;;;;;40;1;2359;9;75;1;213;9;1;9;0;9;4,8;9;;;63;1;;;;;;;;;;;;;;;;;;;;;;;;;;;;;;;;;;;;;;;;;;;;;1,4;9;;;;;;;;;54;1;53;1
73296005;20230102;0,4;1;;;-1,5;1;1726;9;5,1;1;1203;9;0,7;1;1,80;1;;;;;593;9;6,6;1;1,8;1;;;;;;;;;;;;;;;;;;;;;;;;;;;;;;;;;36;1;7;9;87;1;2300;9;35;9;191;9;4,0;9;;;64;1;;;;;;;;;;;;;;;;;;;;;;;;;;;;;;;;;;;;;;;;;;;;;1,3;9;;;;;;;;;54;1;52;1
73296005;20230103;0,3;1;;;-2,5;1;1827;9;2,6;1;1341;9;-1,4;1;0,05;1;;;;;1125;9;5,1;1;0,1;1;;;;;;;;;;;;;;;;;;;;;;;;;;;;;;;;;66;1;2130;9;98;1;811;9;0;9;1185;9;4,9;9;;;87;1;;;;;;;;;;;;;;;;;;;;;;;;;;;;;;;;;;;;;;;;;;;;;0,5;9;;;;;;;;;53;1;50;1
73296005;20230104;0,0;1;;;-8,6;1;449;9;2,9;1;1231;9;-4,6;1;-2,85;1;;;;;1248;9;11,5;1;-2,9;1;;;;;;;;;;;;;;;;;;;;;;;;;;;;;;;;;30;1;1134;9;81;1;10;9;97;9;6;9;2,6;9;;;61;1;;;;;;;;;;;;;;;;;;;;;;;;;;;;;;;;;;;;;;;;;;;;;1,1;9;;;;;;;;;53;1;53;1
73296005;20230105;0,0;1;;;-5,8;1;2236;9;4,8;1;1300;9;-2,0;1;-0,50;1;;;;;1173;9;10,6;1;-0,5;1;;;;;;;;;;;;;;;;;;;;;;;;;;;;;;;;;45;1;2358;9;86;1;1606;9;0;9;126;9;3,7;9;;;68;1;;;;;;;;;;;;;;;;;;;;;;;;;;;;;;;;;;;;;;;;;;;;;0,8;9;;;;;;;;;53;1;52;1
73296005;20230106;0,0;1;;;-5,6;1;626;9;6,1;1;1200;9;-1,1;1;0,25;1;;;;;1164;9;11,7;1;0,3;1;;;;;;;;;;;;;;;;;;;;;;;;;;;;;;;;;33;1;136;9;65;1;638;9;217;9;0;9;2,8;9;;;50;1;;;;;;;;;;;;;;;;;;;;;;;;;;;;;;;;;;;;;;;;;;;;;1,4;9;;;;;;;;;53;1;51;1
73296005;20230107;0,0;1;;;-3,6;1;350;9;4,6;1;1144;9;-0,5;1;0,50;1;;;;;918;9;8,2;1;0,5;1;;;;;;;;;;;;;;;;;;;;;;;;;;;;;;;;;32;1;2332;9;60;1;1;9;167;9;0;9;2,8;9;;;47;1;;;;;;;;;;;;;;;;;;;;;;;;;;;;;;;;;;;;;;;;;;;;;1,6;9;;;;;;;;;53;1;52;1
73296005;20230108;12,4;1;;;-4,2;1;2013;9;2,2;1;2128;9;-0,3;1;-1,00;1;;;;;894;9;6,4;1;-1,0;1;;;;;;;;;;;;;;;;;;;;;;;;;;;;;;;;;34;1;15;9;98;1;1608;9;128;9;820;9;4,6;9;;;77;1;;;;;;;;;;;;;;;;;;;;;;;;;;;;;;;;;;;;;;;;;;;;;0,7;9;;;;;;;;;59;1;51;1
73296005;20230109;9,2;1;;;-7,1;1;1800;9;-4,9;1;1300;9;-5,5;1;-6,00;1;;;;;1406;9;2,2;1;-6,0;1;;;;;;;;;;;;;;;;;;;;;;;;;;;;;;;;;61;1;1625;9;97;1;143;9;0;9;547;9;3,2;9;;;79;1;;;;;;;;;;;;;;;;;;;;;;;;;;;;;;;;;;;;;;;;;;;;;0,5;9;;;;;;;;;93;1;79;1
73296005;20230110;0,1;1;;;-11,4;1;1023;9;-3,7;1;1949;9;-7,2;1;-7,55;1;;;;;1440;9;7,7;1;-7,6;1;;;;;;;;;;;;;;;;;;;;;;;;;;;;;;;;;42;1;1825;9;93;1;923;9;0;9;179;9;2,4;9;;;69;1;;;;;;;;;;;;;;;;;;;;;;;;;;;;;;;;;;;;;;;;;;;;;0,6;9;;;;;;;;;92;1;88;1
73296005;20230111;4,8;1;;;-11,2;1;106;9;1,0;1;1234;9;-4,8;1;-5,10;1;;;;;1308;9;12,2;1;-5,1;1;;;;;;;;;;;;;;;;;;;;;;;;;;;;;;;;;60;1;1104;9;97;1;206;9;0;9;919;9;3,6;9;;;83;1;;;;;;;;;;;;;;;;;;;;;;;;;;;;;;;;;;;;;;;;;;;;;0,4;9;;;;;;;;;85;9;81;1
73296005;20230112;0,0;1;;;-11,9;1;317;9;4,1;1;2211;9;-3,4;1;-3,90;1;;;;;1011;9;16,0;1;-3,9;1;;;;;;;;;;;;;;;;;;;;;;;;;;;;;;;;;18;1;2207;9;90;1;110;9;210;9;230;9;2,9;9;;;62;1;;;;;;;;;;;;;;;;;;;;;;;;;;;;;;;;;;;;;;;;;;;;;0,9;9;;;;;;;;;84;9;84;9
73296005;20230113;4,0;1;;;-4,5;1;721;9;0,2;1;1116;9;-2,6;1;-2,15;1;;;;;1341;9;4,7;1;-2,2;1;;;;;;;;;;;;;;;;;;;;;;;;;;;;;;;;;16;1;44;9;96;1;0;9;91;9;543;9;3,7;9;;;73;1;;;;;;;;;;;;;;;;;;;;;;;;;;;;;;;;;;;;;;;;;;;;;0,7;9;;;;;;;;;85;9;79;9
73296005;20230114;2,0;1;;;-9,7;1;320;9;4,2;1;1344;9;-1,3;1;-2,75;1;;;;;591;9;13,9;1;-2,8;1;;;;;;;;;;;;;;;;;;;;;;;;;;;;;;;;;19;1;1316;9;96;1;1;9;518;9;239;9;2,8;9;;;52;1;;;;;;;;;;;;;;;;;;;;;;;;;;;;;;;;;;;;;;;;;;;;;0,9;9;;;;;;;;;84;9;84;9
73296005;20230115;3,8;1;;;-7,0;1;1759;9;3,2;1;831;9;-3,3;1;-1,90;1;;;;;987;9;10,2;1;-1,9;1;;;;;;;;;;;;;;;;;;;;;;;;;;;;;;;;;49;1;905;9;99;1;332;9;0;9;754;9;3,9;9;;;80;1;;;;;;;;;;;;;;;;;;;;;;;;;;;;;;;;;;;;;;;;;;;;;0,6;9;;;;;;;;;89;9;83;9
73296005;20230116;3,8;1;;;-14,8;1;111;9;-4,4;1;743;9;-7,8;1;-9,60;1;;;;;1440;9;10,4;1;-9,6;1;;;;;;;;;;;;;;;;;;;;;;;;;;;;;;;;;45;1;743;9;90;1;1104;9;0;9;415;9;2,5;9;;;72;1;;;;;;;;;;;;;;;;;;;;;;;;;;;;;;;;;;;;;;;;;;;;;0,5;9;;;;;;;;;98;9;87;9
73296005;20230117;5,4;1;;;-9,2;1;220;9;-3,3;1;1156;9;-7,3;1;-6,25;1;;;;;1440;9;5,9;1;-6,3;1;;;;;;;;;;;;;;;;;;;;;;;;;;;;;;;;;47;1;1207;9;95;1;125;9;0;9;746;9;2,8;9;;;78;1;;;;;;;;;;;;;;;;;;;;;;;;;;;;;;;;;;;;;;;;;;;;;0,5;9;;;;;;;;;95;9;92;9
73296005;20230118;2,1;1;;;-12,0;1;740;9;-7,1;1;1340;9;-9,9;1;-9,55;1;;;;;1440;9;4,9;1;-9,6;1;;;;;;;;;;;;;;;;;;;;;;;;;;;;;;;;;60;1;1343;9;96;1;552;9;0;9;1192;9;2,4;9;;;84;1;;;;;;;;;;;;;;;;;;;;;;;;;;;;;;;;;;;;;;;;;;;;;0,4;9;;;;;;;;;99;9;98;9
73296005;20230119;0,0;1;;;-20,2;1;1654;9;-10,9;1;1300;9;-16,7;1;-15,55;1;;;;;1440;9;9,3;1;-15,6;1;;;;;;;;;;;;;;;;;;;;;;;;;;;;;;;;;33;1;2041;9;88;1;1032;9;126;9;276;9;1,1;9;;;64;1;;;;;;;;;;;;;;;;;;;;;;;;;;;;;;;;;;;;;;;;;;;;;0,4;9;;;;;;;;;99;9;99;9
73296005;20230120;0,0;1;;;-24,3;1;300;9;-8,9;1;1155;9;-19,4;1;-16,60;1;;;;;1440;9;15,4;1;-16,6;1;;;;;;;;;;;;;;;;;;;;;;;;;;;;;;;;;26;1;1201;9;89;1;2213;9;121;9;142;9;0,8;9;;;62;1;;;;;;;;;;;;;;;;;;;;;;;;;;;;;;;;;;;;;;;;;;;;;0,4;9;;;;;;;;;96;9;96;9
73296005;20230121;0,0;1;;;-23,5;1;437;9;-7,1;1;1328;9;-19,3;1;-15,30;1;;;;;1440;9;16,4;1;-15,3;1;;;;;;;;;;;;;;;;;;;;;;;;;;;;;;;;;36;1;1329;9;89;1;2237;9;45;9;542;9;0,9;9;;;72;1;;;;;;;;;;;;;;;;;;;;;;;;;;;;;;;;;;;;;;;;;;;;;0,4;9;;;;;;;;;93;9;92;9
73296005;20230122;0,0;1;;;-23,5;1;2159;9;-9,1;1;1206;9;-17,7;1;-16,30;1;;;;;1440;9;14,4;1;-16,3;1;;;;;;;;;;;;;;;;;;;;;;;;;;;;;;;;;56;1;1040;9;92;1;1728;9;0;9;700;9;1,2;9;;;77;1;;;;;;;;;;;;;;;;;;;;;;;;;;;;;;;;;;;;;;;;;;;;;0,3;9;;;;;;;;;92;9;90;9
73296005;20230123;9,1;1;;;-20,4;1;1933;9;-2,7;1;1349;9;-8,1;1;-11,55;1;;;;;1440;9;17,7;1;-11,6;1;;;;;;;;;;;;;;;;;;;;;;;;;;;;;;;;;54;1;709;9;93;1;2229;9;0;9;318;9;2,5;9;;;71;1;;;;;;;;;;;;;;;;;;;;;;;;;;;;;;;;;;;;;;;;;;;;;0,2;9;;;;;;;;;93;9;89;9
73296005;20230124;1,4;1;;;-11,0;1;1744;9;-1,4;1;1402;9;-6,6;1;-6,20;1;;;;;1440;9;9,6;1;-6,2;1;;;;;;;;;;;;;;;;;;;;;;;;;;;;;;;;;50;1;2331;9;93;1;109;9;0;9;517;9;2,7;9;;;71;1;;;;;;;;;;;;;;;;;;;;;;;;;;;;;;;;;;;;;;;;;;;;;0,5;9;;;;;;;;;106;9;104;9
73296005;20230125;0,0;1;;;-12,0;1;2300;9;-0,1;1;1229;9;-6,1;1;-6,05;1;;;;;1440;9;11,9;1;-6,1;1;;;;;;;;;;;;;;;;;;;;;;;;;;;;;;;;;37;1;1246;9;86;1;606;9;28;9;95;9;2,3;9;;;58;1;;;;;;;;;;;;;;;;;;;;;;;;;;;;;;;;;;;;;;;;;;;;;0,8;9;;;;;;;;;104;9;102;9
73296005;20230126;0,0;1;;;-15,9;1;932;9;-0,8;1;1142;9;-11,6;1;-8,35;1;;;;;1440;9;15,1;1;-8,4;1;;;;;;;;;;;;;;;;;;;;;;;;;;;;;;;;;23;1;1144;9;77;1;1834;9;230;9;0;9;1,3;9;;;52;1;;;;;;;;;;;;;;;;;;;;;;;;;;;;;;;;;;;;;;;;;;;;;1,0;9;;;;;;;;;101;9;99;9
73296005;20230127;0,0;1;;;-17,7;1;40;9;-3,8;1;1318;9;-13,9;1;-10,75;1;;;;;1440;9;13,9;1;-10,8;1;;;;;;;;;;;;;;;;;;;;;;;;;;;;;;;;;30;1;1116;9;95;1;1747;9;141;9;400;9;1,3;9;;;64;1;;;;;;;;;;;;;;;;;;;;;;;;;;;;;;;;;;;;;;;;;;;;;0,7;9;;;;;;;;;98;9;97;9
73296005;20230128;0,0;1;;;-20,1;1;58;9;-2,6;1;1302;9;-13,2;1;-11,35;1;;;;;1440;9;17,5;1;-11,4;1;;;;;;;;;;;;;;;;;;;;;;;;;;;;;;;;;40;1;1301;9;89;1;247;9;2;9;447;9;1,6;9;;;70;1;;;;;;;;;;;;;;;;;;;;;;;;;;;;;;;;;;;;;;;;;;;;;0,5;9;;;;;;;;;97;9;95;9
73296005;20230129;0,0;1;;;-16,6;1;856;9;0,6;1;1204;9;-10,0;1;-8,00;1;;;;;1411;9;17,2;1;-8,0;1;;;;;;;;;;;;;;;;;;;;;;;;;;;;;;;;;36;1;1226;9;89;1;949;9;57;9;108;9;1,8;9;;;65;1;;;;;;;;;;;;;;;;;;;;;;;;;;;;;;;;;;;;;;;;;;;;;0,6;9;;;;;;;;;94;9;93;9
73296005;20230130;0,0;1;;;-15,1;1;2322;9;-0,8;1;1206;9;-9,2;1;-7,95;1;;;;;1440;9;14,3;1;-8,0;1;;;;;;;;;;;;;;;;;;;;;;;;;;;;;;;;;32;1;1107;9;86;1;2313;9;115;9;93;9;1,8;9;;;60;1;;;;;;;;;;;;;;;;;;;;;;;;;;;;;;;;;;;;;;;;;;;;;1,0;9;;;;;;;;;93;9;93;9
73296005;20230131;0,0;1;;;-16,9;1;410;9;-0,9;1;1202;9;-9,7;1;-8,90;1;;;;;1440;9;16,0;1;-8,9;1;;;;;;;;;;;;;;;;;;;;;;;;;;;;;;;;;30;1;1244;9;87;1;643;9;183;9;40;9;1,7;9;;;57;1;;;;;;;;;;;;;;;;;;;;;;;;;;;;;;;;;;;;;;;;;;;;;0,8;9;;;;;;;;;93;9;92;9
73296005;20230201;0,0;1;;;-14,4;1;822;9;-0,6;1;1352;9;-8,2;1;-7,50;1;;;;;1440;9;13,8;1;-7,5;1;;;;;;;;;;;;;;;;;;;;;;;;;;;;;;;;;46;1;1149;9;87;1;716;9;0;9;249;9;2,2;9;;;68;1;;;;;;;;;;;;;;;;;;;;;;;;;;;;;;;;;;;;;;;;;;;;;0,8;9;;;;;;;;;91;9;91;9
73296005;20230202;0,0;1;;;-16,0;1;852;9;-2,7;1;1342;9;-10,8;1;-9,35;1;;;;;1440;9;13,3;1;-9,4;1;;;;;;;;;;;;;;;;;;;;;;;;;;;;;;;;;56;1;1147;9;95;1;403;9;0;9;1107;9;2,2;9;;;83;1;;;;;;;;;;;;;;;;;;;;;;;;;;;;;;;;;;;;;;;;;;;;;0,6;9;;;;;;;;;90;1;89;1
73296005;20230203;0,0;1;;;-14,5;1;2341;9;4,2;1;1244;9;-7,6;1;-5,15;1;;;;;1286;9;18,7;1;-5,2;1;;;;;;;;;;;;;;;;;;;;;;;;;;;;;;;;;28;1;1027;9;87;1;1;9;222;9;181;9;1,9;9;;;59;1;;;;;;;;;;;;;;;;;;;;;;;;;;;;;;;;;;;;;;;;;;;;;1,2;9;;;;;;;;;90;1;89;1
73296005;20230204;0,0;1;;;-12,2;1;151;9;3,1;1;1243;9;-6,6;1;-4,55;1;;;;;1265;9;15,3;1;-4,6;1;;;;;;;;;;;;;;;;;;;;;;;;;;;;;;;;;41;1;1052;9;89;1;2229;9;0;9;274;9;2,6;9;;;69;1;;;;;;;;;;;;;;;;;;;;;;;;;;;;;;;;;;;;;;;;;;;;;0,8;9;;;;;;;;;89;1;89;1
73296005;20230205;0,7;1;;;-12,9;1;549;9;1,4;1;1244;9;-7,7;1;-5,75;1;;;;;1422;9;14,3;1;-5,8;1;;;;;;;;;;;;;;;;;;;;;;;;;;;;;;;;;53;1;1242;9;96;1;910;9;0;9;1045;9;2,9;9;;;82;1;;;;;;;;;;;;;;;;;;;;;;;;;;;;;;;;;;;;;;;;;;;;;0,6;9;;;;;;;;;89;1;88;1
73296005;20230206;0,0;1;;;-13,2;1;203;9;0,9;1;1314;9;-9,2;1;-6,15;1;;;;;1434;9;14,1;1;-6,2;1;;;;;;;;;;;;;;;;;;;;;;;;;;;;;;;;;29;1;1123;9;86;1;37;9;213;9;61;9;1,8;9;;;60;1;;;;;;;;;;;;;;;;;;;;;;;;;;;;;;;;;;;;;;;;;;;;;1,0;9;;;;;;;;;90;1;89;1
73296005;20230207;0,0;1;;;-15,2;1;2053;9;-2,3;1;1319;9;-10,8;1;-8,75;1;;;;;1440;9;12,9;1;-8,8;1;;;;;;;;;;;;;;;;;;;;;;;;;;;;;;;;;29;1;1046;9;80;1;2342;9;206;9;1;9;1,4;9;;;52;1;;;;;;;;;;;;;;;;;;;;;;;;;;;;;;;;;;;;;;;;;;;;;1,0;9;;;;;;;;;89;1;88;1
73296005;20230208;0,0;1;;;-16,9;1;2304;9;-1,4;1;1350;9;-11,0;1;-9,15;1;;;;;1440;9;15,5;1;-9,2;1;;;;;;;;;;;;;;;;;;;;;;;;;;;;;;;;;23;1;1102;9;72;1;2249;9;321;9;0;9;1,3;9;;;50;1;;;;;;;;;;;;;;;;;;;;;;;;;;;;;;;;;;;;;;;;;;;;;0,9;9;;;;;;;;;90;1;89;1
73296005;20230209;0,0;1;;;-18,2;1;133;9;-5,7;1;1210;9;-14,2;1;-11,95;1;;;;;1440;9;12,5;1;-12,0;1;;;;;;;;;;;;;;;;;;;;;;;;;;;;;;;;;41;1;1057;9;82;1;2357;9;0;9;12;9;1,3;9;;;63;1;;;;;;;;;;;;;;;;;;;;;;;;;;;;;;;;;;;;;;;;;;;;;0,6;9;;;;;;;;;89;1;88;1
73296005;20230210;0,0;1;;;-21,0;1;11;9;3,2;1;1413;9;-9,9;1;-8,90;1;;;;;1291;9;24,2;1;-8,9;1;;;;;;;;;;;;;;;;;;;;;;;;;;;;;;;;;23;1;1248;9;78;1;1;9;386;9;0;9;1,3;9;;;46;1;;;;;;;;;;;;;;;;;;;;;;;;;;;;;;;;;;;;;;;;;;;;;1,1;9;;;;;;;;;90;1;89;1
73296005;20230211;0,0;1;;;-12,2;1;2235;9;7,4;1;1316;9;-4,6;1;-2,40;1;;;;;1160;9;19,6;1;-2,4;1;;;;;;;;;;;;;;;;;;;;;;;;;;;;;;;;;20;1;1117;9;61;1;2218;9;655;9;0;9;1,8;9;;;42;1;;;;;;;;;;;;;;;;;;;;;;;;;;;;;;;;;;;;;;;;;;;;;1,3;9;;;;;;;;;89;1;88;1
73296005;20230212;0,0;1;;;-8,1;1;2212;9;8,9;1;1119;9;-1,6;1;0,40;1;;;;;1017;9;17,0;1;0,4;1;;;;;;;;;;;;;;;;;;;;;;;;;;;;;;;;;34;1;1123;9;68;1;329;9;72;9;0;9;2,9;9;;;53;1;;;;;;;;;;;;;;;;;;;;;;;;;;;;;;;;;;;;;;;;;;;;;1,4;9;;;;;;;;;88;1;88;1
73296005;20230213;0,0;1;;;-9,0;1;536;9;8,7;1;1154;9;-3,4;1;-0,15;1;;;;;1103;9;17,7;1;-0,2;1;;;;;;;;;;;;;;;;;;;;;;;;;;;;;;;;;28;1;1159;9;80;1;605;9;191;9;1;9;2,7;9;;;58;1;;;;;;;;;;;;;;;;;;;;;;;;;;;;;;;;;;;;;;;;;;;;;1,4;9;;;;;;;;;88;1;87;1
73296005;20230214;0,0;1;;;-7,8;1;2214;9;8,8;1;1233;9;-1,3;1;0,50;1;;;;;877;9;16,6;1;0,5;1;;;;;;;;;;;;;;;;;;;;;;;;;;;;;;;;;28;1;1109;9;69;1;418;9;316;9;0;9;2,6;9;;;47;1;;;;;;;;;;;;;;;;;;;;;;;;;;;;;;;;;;;;;;;;;;;;;1,7;9;;;;;;;;;88;1;88;1
73296005;20230215;0,0;1;;;-3,3;1;1919;9;6,4;1;1108;9;0,6;1;1,55;1;;;;;694;9;9,7;1;1,6;1;;;;;;;;;;;;;;;;;;;;;;;;;;;;;;;;;25;1;1223;9;59;1;1925;9;718;9;0;9;2,6;9;;;42;1;;;;;;;;;;;;;;;;;;;;;;;;;;;;;;;;;;;;;;;;;;;;;1,8;9;;;;;;;;;88;1;88;1
73296005;20230216;0,0;1;;;-6,5;1;705;9;6,3;1;1236;9;-2,8;1;-0,10;1;;;;;1069;9;12,8;1;-0,1;1;;;;;;;;;;;;;;;;;;;;;;;;;;;;;;;;;29;1;1106;9;72;1;2336;9;278;9;0;9;2,5;9;;;51;1;;;;;;;;;;;;;;;;;;;;;;;;;;;;;;;;;;;;;;;;;;;;;1,6;9;;;;;;;;;87;1;87;1
73296005;20230217;0,0;1;;;-9,8;1;514;9;6,9;1;1144;9;-3,5;1;-1,45;1;;;;;1054;9;16,7;1;-1,5;1;;;;;;;;;;;;;;;;;;;;;;;;;;;;;;;;;40;1;1143;9;84;1;2319;9;7;9;118;9;3,2;9;;;67;1;;;;;;;;;;;;;;;;;;;;;;;;;;;;;;;;;;;;;;;;;;;;;1,1;9;;;;;;;;;87;1;87;1
73296005;20230218;0,0;1;;;-8,0;1;237;9;9,4;1;1225;9;-2,5;1;0,70;1;;;;;1009;9;17,4;1;0,7;1;;;;;;;;;;;;;;;;;;;;;;;;;;;;;;;;;32;1;1243;9;90;1;252;9;194;9;245;9;3,2;9;;;65;1;;;;;;;;;;;;;;;;;;;;;;;;;;;;;;;;;;;;;;;;;;;;;1,5;9;;;;;;;;;87;1;87;1
73296005;20230219;0,0;1;;;-9,0;1;553;9;6,5;1;1323;9;-2,1;1;-1,25;1;;;;;908;9;15,5;1;-1,3;1;;;;;;;;;;;;;;;;;;;;;;;;;;;;;;;;;36;1;1511;9;82;1;4;9;103;9;4;9;3,1;9;;;59;1;;;;;;;;;;;;;;;;;;;;;;;;;;;;;;;;;;;;;;;;;;;;;1,5;9;;;;;;;;;87;1;86;1
73296005;20230220;0,0;1;;;-6,7;1;159;9;10,3;1;1132;9;-0,3;1;1,80;1;;;;;865;9;17,0;1;1,8;1;;;;;;;;;;;;;;;;;;;;;;;;;;;;;;;;;35;1;1133;9;82;1;55;9;53;9;11;9;3,7;9;;;62;1;;;;;;;;;;;;;;;;;;;;;;;;;;;;;;;;;;;;;;;;;;;;;1,5;9;;;;;;;;;86;1;86;1
73296005;20230221;0,0;1;;;-4,7;1;620;9;11,7;1;1203;9;0,5;1;3,50;1;;;;;855;9;16,4;1;3,5;1;;;;;;;;;;;;;;;;;;;;;;;;;;;;;;;;;33;1;1139;9;79;1;458;9;131;9;0;9;3,8;9;;;61;1;;;;;;;;;;;;;;;;;;;;;;;;;;;;;;;;;;;;;;;;;;;;;1,5;9;;;;;;;;;85;1;85;1
73296005;20230222;3,7;1;;;-5,2;1;534;9;4,9;1;1214;9;-0,9;1;-0,15;1;;;;;1073;9;10,1;1;-0,2;1;;;;;;;;;;;;;;;;;;;;;;;;;;;;;;;;;45;1;1218;9;99;1;2326;9;0;9;572;9;4,4;9;;;76;1;;;;;;;;;;;;;;;;;;;;;;;;;;;;;;;;;;;;;;;;;;;;;0,9;9;;;;;;;;;87;1;85;1
73296005;20230223;0,0;1;;;-7,1;1;516;9;5,5;1;1100;9;-0,6;1;-0,80;1;;;;;879;9;12,6;1;-0,8;1;;;;;;;;;;;;;;;;;;;;;;;;;;;;;;;;;45;1;1001;9;98;1;1;9;0;9;339;9;4,0;9;;;69;1;;;;;;;;;;;;;;;;;;;;;;;;;;;;;;;;;;;;;;;;;;;;;0,9;9;;;;;;;;;88;1;88;1
73296005;20230224;0,0;1;;;-4,5;1;639;9;4,2;1;1335;9;-0,9;1;-0,15;1;;;;;1004;9;8,7;1;-0,2;1;;;;;;;;;;;;;;;;;;;;;;;;;;;;;;;;;44;1;1116;9;85;1;2254;9;0;9;27;9;3,6;9;;;63;1;;;;;;;;;;;;;;;;;;;;;;;;;;;;;;;;;;;;;;;;;;;;;1,2;9;;;;;;;;;87;1;86;1
73296005;20230225;0,0;1;;;-8,4;1;745;9;5,9;1;1226;9;-3,8;1;-1,25;1;;;;;1249;9;14,3;1;-1,3;1;;;;;;;;;;;;;;;;;;;;;;;;;;;;;;;;;35;1;1229;9;92;1;403;9;10;9;393;9;3,3;9;;;72;1;;;;;;;;;;;;;;;;;;;;;;;;;;;;;;;;;;;;;;;;;;;;;1,3;9;;;;;;;;;86;1;86;1
73296005;20230226;0,4;1;;;-8,9;1;2326;9;-3,2;1;915;9;-7,1;1;-6,05;1;;;;;1440;9;5,7;1;-6,1;1;;;;;;;;;;;;;;;;;;;;;;;;;;;;;;;;;53;1;918;9;93;1;4;9;0;9;526;9;2,6;9;;;72;1;;;;;;;;;;;;;;;;;;;;;;;;;;;;;;;;;;;;;;;;;;;;;0,8;9;;;;;;;;;88;1;85;1
73296005;20230227;0,0;1;;;-8,9;1;1801;9;-3,1;1;1519;9;-6,9;1;-6,00;1;;;;;1440;9;5,8;1;-6,0;1;;;;;;;;;;;;;;;;;;;;;;;;;;;;;;;;;49;1;1328;9;73;1;2021;9;0;9;0;9;2,2;9;;;60;1;;;;;;;;;;;;;;;;;;;;;;;;;;;;;;;;;;;;;;;;;;;;;1,1;9;;;;;;;;;85;1;85;1
73296005;20230228;0,0;1;;;-10,5;1;714;9;-0,3;1;1409;9;-5,0;1;-5,40;1;;;;;1440;9;10,2;1;-5,4;1;;;;;;;;;;;;;;;;;;;;;;;;;;;;;;;;;45;1;1227;9;72;1;406;9;0;9;0;9;2,5;9;;;59;1;;;;;;;;;;;;;;;;;;;;;;;;;;;;;;;;;;;;;;;;;;;;;1,0;9;;;;;;;;;85;1;85;1
73296005;20230301;1,7;1;;;-10,9;1;512;9;0,8;1;1330;9;-4,0;1;-5,05;1;;;;;1332;9;11,7;1;-5,1;1;;;;;;;;;;;;;;;;;;;;;;;;;;;;;;;;;39;1;949;9;96;1;2151;9;7;9;302;9;3,0;9;;;65;1;;;;;;;;;;;;;;;;;;;;;;;;;;;;;;;;;;;;;;;;;;;;;0,9;9;;;;;;;;;87;1;84;1
73296005;20230302;0,0;1;;;-6,2;1;1744;9;1,3;1;1135;9;-3,9;1;-2,45;1;;;;;1376;9;7,5;1;-2,5;1;;;;;;;;;;;;;;;;;;;;;;;;;;;;;;;;;40;1;1234;9;77;1;2255;9;2;9;0;9;2,7;9;;;60;1;;;;;;;;;;;;;;;;;;;;;;;;;;;;;;;;;;;;;;;;;;;;;1,3;9;;;;;;;;;87;1;86;1
73296005;20230303;0,0;1;;;-10,9;1;611;9;3,4;1;1157;9;-5,4;1;-3,75;1;;;;;1312;9;14,3;1;-3,8;1;;;;;;;;;;;;;;;;;;;;;;;;;;;;;;;;;36;1;1158;9;79;1;18;9;33;9;0;9;2,4;9;;;59;1;;;;;;;;;;;;;;;;;;;;;;;;;;;;;;;;;;;;;;;;;;;;;1,2;9;;;;;;;;;87;1;87;1
73296005;20230304;0,0;1;;;-11,4;1;652;9;3,1;1;1030;9;-6,1;1;-4,15;1;;;;;1113;9;14,5;1;-4,2;1;;;;;;;;;;;;;;;;;;;;;;;;;;;;;;;;;37;1;1038;9;95;1;2256;9;35;9;199;9;2,5;9;;;66;1;;;;;;;;;;;;;;;;;;;;;;;;;;;;;;;;;;;;;;;;;;;;;1,2;9;;;;;;;;;87;1;86;1
73296005;20230305;0,0;1;;;-13,3;1;512;9;4,4;1;1040;9;-6,6;1;-4,45;1;;;;;1136;9;17,7;1;-4,5;1;;;;;;;;;;;;;;;;;;;;;;;;;;;;;;;;;23;1;1040;9;82;1;336;9;281;9;6;9;2,1;9;;;56;1;;;;;;;;;;;;;;;;;;;;;;;;;;;;;;;;;;;;;;;;;;;;;1,3;9;;;;;;;;;86;1;86;1
73296005;20230306;0,0;1;;;-12,9;1;312;9;0,8;1;1031;9;-6,7;1;-6,05;1;;;;;1431;9;13,7;1;-6,1;1;;;;;;;;;;;;;;;;;;;;;;;;;;;;;;;;;30;1;1037;9;81;1;33;9;346;9;5;9;1,9;9;;;54;1;;;;;;;;;;;;;;;;;;;;;;;;;;;;;;;;;;;;;;;;;;;;;1,3;9;;;;;;;;;87;1;87;1
73296005;20230307;2,0;1;;;-14,8;1;345;9;3,4;1;1244;9;-5,9;1;-5,70;1;;;;;1227;9;18,2;1;-5,7;1;;;;;;;;;;;;;;;;;;;;;;;;;;;;;;;;;20;1;1333;9;97;1;2208;9;554;9;461;9;2,3;9;;;60;1;;;;;;;;;;;;;;;;;;;;;;;;;;;;;;;;;;;;;;;;;;;;;1,3;9;;;;;;;;;89;1;86;1
73296005;20230308;21,6;1;;;-12,8;1;218;9;3,3;1;1653;9;-1,6;1;-4,75;1;;;;;801;9;16,1;1;-4,8;1;;;;;;;;;;;;;;;;;;;;;;;;;;;;;;;;;52;1;525;9;98;1;1601;9;0;9;1013;9;4,7;9;;;84;1;;;;;;;;;;;;;;;;;;;;;;;;;;;;;;;;;;;;;;;;;;;;;0,2;9;;;;;;;;;101;1;90;1
73296005;20230309;2,7;1;;;-0,5;1;1659;9;5,9;1;1304;9;0,8;1;2,70;1;;;;;397;9;6,4;1;2,7;1;;;;;;;;;;;;;;;;;;;;;;;;;;;;;;;;;26;1;1305;9;93;1;1;9;290;9;16;9;3,4;9;;;54;1;;;;;;;;;;;;;;;;;;;;;;;;;;;;;;;;;;;;;;;;;;;;;1,7;9;;;;;;;;;100;1;100;1
73296005;20230310;45,4;1;;;-4,6;1;1800;9;-0,7;1;531;9;-2,5;1;-2,65;1;;;;;1440;9;3,9;1;-2,7;1;;;;;;;;;;;;;;;;;;;;;;;;;;;;;;;;;63;1;434;9;96;1;547;9;0;9;999;9;4,3;9;;;85;1;;;;;;;;;;;;;;;;;;;;;;;;;;;;;;;;;;;;;;;;;;;;;0,7;9;;;;;;;;;127;1;99;1
73296005;20230311;23,0;1;;;-4,6;1;1801;9;2,8;1;1429;9;0,1;1;-0,90;1;;;;;624;9;7,4;1;-0,9;1;;;;;;;;;;;;;;;;;;;;;;;;;;;;;;;;;73;1;1428;9;99;1;324;9;0;9;1398;9;5,5;9;;;90;1;;;;;;;;;;;;;;;;;;;;;;;;;;;;;;;;;;;;;;;;;;;;;0,3;9;;;;;;;;;145;1;141;1
73296005;20230312;3,0;1;;;-3,1;1;1744;9;3,3;1;1421;9;-0,9;1;0,10;1;;;;;855;9;6,4;1;0,1;1;;;;;;;;;;;;;;;;;;;;;;;;;;;;;;;;;34;1;2157;9;98;1;623;9;60;9;470;9;4,1;9;;;70;1;;;;;;;;;;;;;;;;;;;;;;;;;;;;;;;;;;;;;;;;;;;;;1,5;9;;;;;;;;;142;1;140;1
73296005;20230313;8,2;1;;;-4,8;1;2307;9;10,1;1;1322;9;4,3;1;2,65;1;;;;;324;9;14,9;1;2,7;1;;;;;;;;;;;;;;;;;;;;;;;;;;;;;;;;;36;1;204;9;97;1;510;9;64;9;286;9;5,1;9;;;63;1;;;;;;;;;;;;;;;;;;;;;;;;;;;;;;;;;;;;;;;;;;;;;1,7;9;;;;;;;;;135;1;135;1
73296005;20230314;9,3;1;;;-4,5;1;1600;9;-0,7;1;1145;9;-3,3;1;-2,60;1;;;;;1403;9;3,8;1;-2,6;1;;;;;;;;;;;;;;;;;;;;;;;;;;;;;;;;;61;1;1456;9;99;1;158;9;0;9;868;9;4,0;9;;;83;1;;;;;;;;;;;;;;;;;;;;;;;;;;;;;;;;;;;;;;;;;;;;;0,8;9;;;;;;;;;145;1;139;1
73296005;20230315;0,0;1;;;-10,3;1;1800;9;-1,0;1;1331;9;-7,7;1;-5,65;1;;;;;1440;9;9,3;1;-5,7;1;;;;;;;;;;;;;;;;;;;;;;;;;;;;;;;;;51;1;1331;9;93;1;2027;9;0;9;410;9;2,4;9;;;71;1;;;;;;;;;;;;;;;;;;;;;;;;;;;;;;;;;;;;;;;;;;;;;1,3;9;;;;;;;;;137;1;136;1
73296005;20230316;0,0;1;;;-12,7;1;2118;9;9,6;1;1257;9;-2,1;1;-1,55;1;;;;;915;9;22,3;1;-1,6;1;;;;;;;;;;;;;;;;;;;;;;;;;;;;;;;;;28;1;911;9;70;1;218;9;252;9;0;9;2,8;9;;;51;1;;;;;;;;;;;;;;;;;;;;;;;;;;;;;;;;;;;;;;;;;;;;;1,6;9;;;;;;;;;132;1;132;1
73296005;20230317;0,0;1;;;-4,3;1;2305;9;11,2;1;1231;9;3,9;1;3,45;1;;;;;119;9;15,5;1;3,5;1;;;;;;;;;;;;;;;;;;;;;;;;;;;;;;;;;28;1;1022;9;74;1;2318;9;327;9;0;9;3,9;9;;;49;1;;;;;;;;;;;;;;;;;;;;;;;;;;;;;;;;;;;;;;;;;;;;;2,4;9;;;;;;;;;127;1;126;1
73296005;20230318;0,0;1;;;-3,5;1;538;9;7,7;1;1320;9;1,9;1;2,10;1;;;;;511;9;11,2;1;2,1;1;;;;;;;;;;;;;;;;;;;;;;;;;;;;;;;;;36;1;1320;9;87;1;2130;9;63;9;114;9;4,2;9;;;61;1;;;;;;;;;;;;;;;;;;;;;;;;;;;;;;;;;;;;;;;;;;;;;1,8;9;;;;;;;;;121;1;120;1
73296005;20230319;7,0;1;;;-5,6;1;609;9;3,4;1;950;9;-1,2;1;-1,10;1;;;;;1013;9;9,0;1;-1,1;1;;;;;;;;;;;;;;;;;;;;;;;;;;;;;;;;;62;1;952;9;97;1;1753;9;0;9;1075;9;4,9;9;;;87;1;;;;;;;;;;;;;;;;;;;;;;;;;;;;;;;;;;;;;;;;;;;;;0,8;9;;;;;;;;;125;1;116;1
73296005;20230320;0,0;1;;;-7,5;1;723;9;5,6;1;1208;9;-1,5;1;-0,95;1;;;;;985;9;13,1;1;-1,0;1;;;;;;;;;;;;;;;;;;;;;;;;;;;;;;;;;42;1;924;9;98;1;2;9;0;9;489;9;4,0;9;;;72;1;;;;;;;;;;;;;;;;;;;;;;;;;;;;;;;;;;;;;;;;;;;;;1,4;9;;;;;;;;;125;1;124;1
73296005;20230321;0,0;1;;;-6,3;1;125;9;9,0;1;1055;9;0,1;1;1,35;1;;;;;769;9;15,3;1;1,4;1;;;;;;;;;;;;;;;;;;;;;;;;;;;;;;;;;22;1;1151;9;66;1;2356;9;432;9;0;9;3,0;9;;;49;1;;;;;;;;;;;;;;;;;;;;;;;;;;;;;;;;;;;;;;;;;;;;;2,0;9;;;;;;;;;117;1;117;1
73296005;20230322;0,0;1;;;-4,5;1;256;9;9,0;1;945;9;1,4;1;2,25;1;;;;;533;9;13,5;1;2,3;1;;;;;;;;;;;;;;;;;;;;;;;;;;;;;;;;;28;1;936;9;70;1;36;9;243;9;0;9;3,4;9;;;51;1;;;;;;;;;;;;;;;;;;;;;;;;;;;;;;;;;;;;;;;;;;;;;2,1;9;;;;;;;;;116;1;116;1
73296005;20230323;1,9;1;;;-1,4;1;19;9;7,7;1;1223;9;2,9;1;3,15;1;;;;;155;9;9,1;1;3,2;1;;;;;;;;;;;;;;;;;;;;;;;;;;;;;;;;;58;1;805;9;89;1;1851;9;0;9;319;9;5,5;9;;;74;1;;;;;;;;;;;;;;;;;;;;;;;;;;;;;;;;;;;;;;;;;;;;;1,3;9;;;;;;;;;115;1;114;1
73296005;20230324;12,4;1;;;1,5;1;2041;9;5,0;1;1008;9;2,3;1;3,25;1;;;;;134;9;3,5;1;3,3;1;;;;;;;;;;;;;;;;;;;;;;;;;;;;;;;;;63;1;1758;9;98;1;2154;9;0;9;1051;9;6,1;9;;;85;1;;;;;;;;;;;;;;;;;;;;;;;;;;;;;;;;;;;;;;;;;;;;;0,9;9;;;;;;;;;112;1;111;1
73296005;20230325;5,1;1;;;-3,5;1;435;9;1,6;1;551;9;-1,7;1;-0,95;1;;;;;1409;9;5,1;1;-1,0;1;;;;;;;;;;;;;;;;;;;;;;;;;;;;;;;;;43;1;2251;9;93;1;200;9;0;9;243;9;3,8;9;;;70;1;;;;;;;;;;;;;;;;;;;;;;;;;;;;;;;;;;;;;;;;;;;;;1,2;9;;;;;;;;;119;1;119;1
73296005;20230326;18,4;1;;;-4,7;1;1725;9;0,5;1;601;9;-2,9;1;-2,10;1;;;;;1417;9;5,2;1;-2,1;1;;;;;;;;;;;;;;;;;;;;;;;;;;;;;;;;;65;1;1603;9;99;1;539;9;0;9;1268;9;4,4;9;;;89;1;;;;;;;;;;;;;;;;;;;;;;;;;;;;;;;;;;;;;;;;;;;;;0,5;9;;;;;;;;;142;1;121;1
73296005;20230327;4,3;1;;;-6,1;1;1741;9;-2,8;1;1401;9;-5,5;1;-4,45;1;;;;;1440;9;3,3;1;-4,5;1;;;;;;;;;;;;;;;;;;;;;;;;;;;;;;;;;54;1;1403;9;96;1;18;9;0;9;467;9;3,1;9;;;75;1;;;;;;;;;;;;;;;;;;;;;;;;;;;;;;;;;;;;;;;;;;;;;0,8;9;;;;;;;;;149;1;145;1
73296005;20230328;4,9;1;;;-18,5;1;510;9;4,6;1;1325;9;-5,7;1;-6,95;1;;;;;1084;9;23,1;1;-7,0;1;;;;;;;;;;;;;;;;;;;;;;;;;;;;;;;;;18;1;1132;9;95;1;2353;9;400;9;289;9;2,3;9;;;57;1;;;;;;;;;;;;;;;;;;;;;;;;;;;;;;;;;;;;;;;;;;;;;1,3;9;;;;;;;;;134;1;134;1
73296005;20230329;2,5;1;;;-3,5;1;1912;9;6,8;1;2112;9;3,1;1;1,65;1;;;;;203;9;10,3;1;1,7;1;;;;;;;;;;;;;;;;;;;;;;;;;;;;;;;;;44;1;1044;9;99;1;308;9;0;9;679;9;5,8;9;;;78;1;;;;;;;;;;;;;;;;;;;;;;;;;;;;;;;;;;;;;;;;;;;;;0,9;9;;;;;;;;;133;1;131;1
73296005;20230330;4,9;1;;;2,2;1;1331;9;7,3;1;719;9;3,8;1;4,75;1;;;;;0;9;5,1;1;4,8;1;;;;;;;;;;;;;;;;;;;;;;;;;;;;;;;;;46;1;648;9;92;1;1340;9;0;9;208;9;5,6;9;;;70;1;;;;;;;;;;;;;;;;;;;;;;;;;;;;;;;;;;;;;;;;;;;;;1,5;9;;;;;;;;;120;1;120;1
73296005;20230331;22,6;1;;;-1,8;1;1545;9;4,6;1;625;9;-0,3;1;1,40;1;;;;;756;9;6,4;1;1,4;1;;;;;;;;;;;;;;;;;;;;;;;;;;;;;;;;;37;1;142;9;98;1;537;9;16;9;855;9;4,9;9;;;83;1;;;;;;;;;;;;;;;;;;;;;;;;;;;;;;;;;;;;;;;;;;;;;0,9;9;;;;;;;;;140;1;117;1
73296005;20230401;3,9;1;;;-4,3;1;429;9;0,6;1;1424;9;-2,7;1;-1,85;1;;;;;1423;9;4,9;1;-1,9;1;;;;;;;;;;;;;;;;;;;;;;;;;;;;;;;;;57;1;1324;9;97;1;2103;9;0;9;951;9;4,2;9;;;84;1;;;;;;;;;;;;;;;;;;;;;;;;;;;;;;;;;;;;;;;;;;;;;1,1;9;;;;;;;;;146;1;145;1
73296005;20230402;0,0;1;;;-7,3;1;710;9;4,6;1;1208;9;-2,4;1;-1,35;1;;;;;1207;9;11,9;1;-1,4;1;;;;;;;;;;;;;;;;;;;;;;;;;;;;;;;;;43;1;1206;9;97;1;1;9;0;9;843;9;4,1;9;;;81;1;;;;;;;;;;;;;;;;;;;;;;;;;;;;;;;;;;;;;;;;;;;;;1,2;9;;;;;;;;;140;1;139;1
73296005;20230403;0,0;1;;;-10,4;1;707;9;4,8;1;1407;9;-3,4;1;-2,80;1;;;;;1144;9;15,2;1;-2,8;1;;;;;;;;;;;;;;;;;;;;;;;;;;;;;;;;;46;1;1408;9;92;1;1;9;0;9;340;9;3,4;9;;;71;1;;;;;;;;;;;;;;;;;;;;;;;;;;;;;;;;;;;;;;;;;;;;;1,2;9;;;;;;;;;129;1;129;1
73296005;20230404;0,0;1;;;-10,6;1;723;9;2,3;1;1212;9;-4,8;1;-4,15;1;;;;;1334;9;12,9;1;-4,2;1;;;;;;;;;;;;;;;;;;;;;;;;;;;;;;;;;45;1;954;9;92;1;2028;9;0;9;310;9;3,0;9;;;70;1;;;;;;;;;;;;;;;;;;;;;;;;;;;;;;;;;;;;;;;;;;;;;1,4;9;;;;;;;;;124;1;124;1
73296005;20230405;0,0;1;;;-12,3;1;545;9;-0,4;1;1154;9;-5,7;1;-6,35;1;;;;;1440;9;11,9;1;-6,4;1;;;;;;;;;;;;;;;;;;;;;;;;;;;;;;;;;38;1;928;9;83;1;550;9;6;9;19;9;2,6;9;;;65;1;;;;;;;;;;;;;;;;;;;;;;;;;;;;;;;;;;;;;;;;;;;;;1,3;9;;;;;;;;;121;1;121;1
73296005;20230406;0,0;1;;;-11,7;1;433;9;2,8;1;1440;9;-4,3;1;-4,45;1;;;;;1190;9;14,5;1;-4,5;1;;;;;;;;;;;;;;;;;;;;;;;;;;;;;;;;;34;1;1306;9;82;1;208;9;308;9;16;9;2,5;9;;;58;1;;;;;;;;;;;;;;;;;;;;;;;;;;;;;;;;;;;;;;;;;;;;;1,6;9;;;;;;;;;120;1;120;1
73296005;20230407;8,4;1;;;-6,1;1;229;9;0,5;1;1321;9;-4,6;1;-2,80;1;;;;;1431;9;6,6;1;-2,8;1;;;;;;;;;;;;;;;;;;;;;;;;;;;;;;;;;54;1;1106;9;94;1;915;9;0;9;625;9;3,4;9;;;79;1;;;;;;;;;;;;;;;;;;;;;;;;;;;;;;;;;;;;;;;;;;;;;1,2;9;;;;;;;;;134;1;120;1
73296005;20230408;0,0;1;;;-13,6;1;251;9;4,9;1;928;9;-3,7;1;-4,35;1;;;;;1020;9;18,5;1;-4,4;1;;;;;;;;;;;;;;;;;;;;;;;;;;;;;;;;;34;1;945;9;91;1;145;9;38;9;282;9;3,2;9;;;68;1;;;;;;;;;;;;;;;;;;;;;;;;;;;;;;;;;;;;;;;;;;;;;1,5;9;;;;;;;;;132;1;131;1
73296005;20230409;0,0;1;;;-10,1;1;641;9;5,0;1;1322;9;-1,8;1;-2,55;1;;;;;860;9;15,1;1;-2,6;1;;;;;;;;;;;;;;;;;;;;;;;;;;;;;;;;;31;1;1240;9;84;1;319;9;227;9;32;9;3,2;9;;;60;1;;;;;;;;;;;;;;;;;;;;;;;;;;;;;;;;;;;;;;;;;;;;;1,8;9;;;;;;;;;124;1;123;1
73296005;20230410;0,0;1;;;-7,8;1;556;9;8,7;1;943;9;0,6;1;0,45;1;;;;;480;9;16,5;1;0,5;1;;;;;;;;;;;;;;;;;;;;;;;;;;;;;;;;;20;1;1226;9;81;1;112;9;530;9;4;9;3,0;9;;;49;1;;;;;;;;;;;;;;;;;;;;;;;;;;;;;;;;;;;;;;;;;;;;;2,2;9;;;;;;;;;121;1;121;1
73296005;20230411;12,9;1;;;-0,1;1;804;9;5,1;1;1117;9;1,2;1;2,50;1;;;;;76;9;5,2;1;2,5;1;;;;;;;;;;;;;;;;;;;;;;;;;;;;;;;;;60;1;320;9;99;1;2001;9;0;9;987;9;5,7;9;;;87;1;;;;;;;;;;;;;;;;;;;;;;;;;;;;;;;;;;;;;;;;;;;;;0,8;9;;;;;;;;;128;1;118;1
73296005;20230412;5,8;1;;;-0,2;1;1933;9;8,1;1;1122;9;2,1;1;3,95;1;;;;;354;9;8,3;1;4,0;1;;;;;;;;;;;;;;;;;;;;;;;;;;;;;;;;;41;1;857;9;97;1;1756;9;0;9;690;9;4,8;9;;;70;1;;;;;;;;;;;;;;;;;;;;;;;;;;;;;;;;;;;;;;;;;;;;;2,0;9;;;;;;;;;134;1;126;1
73296005;20230413;1,1;1;;;-6,6;1;658;9;-2,7;1;1233;9;-5,0;1;-4,65;1;;;;;1440;9;3,9;1;-4,7;1;;;;;;;;;;;;;;;;;;;;;;;;;;;;;;;;;51;1;1331;9;96;1;1;9;0;9;392;9;3,0;9;;;72;1;;;;;;;;;;;;;;;;;;;;;;;;;;;;;;;;;;;;;;;;;;;;;1,3;9;;;;;;;;;136;9;135;1
73296005;20230414;3,7;1;;;-6,7;1;315;9;2,5;1;1334;9;-3,7;1;-2,10;1;;;;;1335;9;9,2;1;-2,1;1;;;;;;;;;;;;;;;;;;;;;;;;;;;;;;;;;35;1;1346;9;95;1;1923;9;60;9;465;9;3,3;9;;;71;1;;;;;;;;;;;;;;;;;;;;;;;;;;;;;;;;;;;;;;;;;;;;;1,5;9;;;;;;;;;128;9;127;9
73296005;20230415;4,3;1;;;-4,6;1;2026;9;0,4;1;1208;9;-2,5;1;-2,10;1;;;;;1420;9;5,0;1;-2,1;1;;;;;;;;;;;;;;;;;;;;;;;;;;;;;;;;;59;1;1333;9;98;1;431;9;0;9;1115;9;4,4;9;;;87;1;;;;;;;;;;;;;;;;;;;;;;;;;;;;;;;;;;;;;;;;;;;;;0,9;9;;;;;;;;;139;9;130;9
73296005;20230416;0,0;1;;;-4,7;1;2330;9;0,6;1;1022;9;-2,3;1;-2,05;1;;;;;1411;9;5,3;1;-2,1;1;;;;;;;;;;;;;;;;;;;;;;;;;;;;;;;;;70;1;1023;9;97;1;4;9;0;9;1299;9;4,5;9;;;87;1;;;;;;;;;;;;;;;;;;;;;;;;;;;;;;;;;;;;;;;;;;;;;0,9;9;;;;;;;;;131;9;131;9
73296005;20230417;1,8;1;;;-8,8;1;308;9;6,6;1;1050;9;-1,2;1;-1,10;1;;;;;869;9;15,4;1;-1,1;1;;;;;;;;;;;;;;;;;;;;;;;;;;;;;;;;;40;1;1005;9;97;1;1756;9;4;9;599;9;4,0;9;;;72;1;;;;;;;;;;;;;;;;;;;;;;;;;;;;;;;;;;;;;;;;;;;;;1,7;9;;;;;;;;;127;9;127;9
73296005;20230418;3,2;1;;;-4,6;1;16;9;6,5;1;1207;9;0,6;1;0,95;1;;;;;652;9;11,1;1;1,0;1;;;;;;;;;;;;;;;;;;;;;;;;;;;;;;;;;14;1;1123;9;78;1;13;9;6;9;0;9;3,8;9;;;59;1;;;;;;;;;;;;;;;;;;;;;;;;;;;;;;;;;;;;;;;;;;;;;1,8;9;;;;;;;;;126;9;126;9
73296005;20230419;0,2;1;;;-4,3;1;440;9;8,6;1;1018;9;1,6;1;2,15;1;;;;;430;9;12,9;1;2,2;1;;;;;;;;;;;;;;;;;;;;;;;;;;;;;;;;;36;1;1014;9;94;1;2027;9;16;9;209;9;4,3;9;;;62;1;;;;;;;;;;;;;;;;;;;;;;;;;;;;;;;;;;;;;;;;;;;;;2,0;9;;;;;;;;;121;1;120;1
73296005;20230420;8,2;1;;;-4,5;1;346;9;4,2;1;910;9;-0,7;1;-0,15;1;;;;;942;9;8,7;1;-0,2;1;;;;;;;;;;;;;;;;;;;;;;;;;;;;;;;;;48;1;908;9;96;1;2037;9;0;9;767;9;4,6;9;;;80;1;;;;;;;;;;;;;;;;;;;;;;;;;;;;;;;;;;;;;;;;;;;;;1,0;9;;;;;;;;;125;1;116;1
73296005;20230421;0,0;1;;;-4,8;1;454;9;6,4;1;1002;9;2,0;1;0,80;1;;;;;411;9;11,2;1;0,8;1;;;;;;;;;;;;;;;;;;;;;;;;;;;;;;;;;50;1;1143;9;97;1;347;9;0;9;368;9;4,7;9;;;68;1;;;;;;;;;;;;;;;;;;;;;;;;;;;;;;;;;;;;;;;;;;;;;1,5;9;;;;;;;;;127;1;127;1
73296005;20230422;0,4;1;;;1,4;1;2013;9;7,5;1;1537;9;4,0;1;4,45;1;;;;;0;9;6,1;1;4,5;1;;;;;;;;;;;;;;;;;;;;;;;;;;;;;;;;;52;1;1512;9;83;1;2327;9;0;9;53;9;5,5;9;;;68;1;;;;;;;;;;;;;;;;;;;;;;;;;;;;;;;;;;;;;;;;;;;;;1,8;9;;;;;;;;;116;1;115;1
73296005;20230423;6,3;1;;;0,7;1;18;9;8,0;1;1133;9;2,6;1;4,35;1;;;;;312;9;7,3;1;4,4;1;;;;;;;;;;;;;;;;;;;;;;;;;;;;;;;;;51;1;1119;9;98;1;1956;9;0;9;676;9;5,5;9;;;76;1;;;;;;;;;;;;;;;;;;;;;;;;;;;;;;;;;;;;;;;;;;;;;2,1;9;;;;;;;;;114;1;112;1
73296005;20230424;2,6;1;;;-1,8;1;2129;9;3,4;1;855;9;0,3;1;0,80;1;;;;;691;9;5,2;1;0,8;1;;;;;;;;;;;;;;;;;;;;;;;;;;;;;;;;;45;1;1426;9;97;1;350;9;0;9;326;9;4,2;9;;;68;1;;;;;;;;;;;;;;;;;;;;;;;;;;;;;;;;;;;;;;;;;;;;;2,0;9;;;;;;;;;117;1;117;1
73296005;20230425;0,7;1;;;-2,1;1;325;9;1,1;1;1237;9;-1,8;1;-0,50;1;;;;;1282;9;3,2;1;-0,5;1;;;;;;;;;;;;;;;;;;;;;;;;;;;;;;;;;53;1;721;9;91;1;331;9;0;9;253;9;3,6;9;;;67;1;;;;;;;;;;;;;;;;;;;;;;;;;;;;;;;;;;;;;;;;;;;;;1,7;9;;;;;;;;;110;1;109;1
73296005;20230426;0,0;1;;;-9,1;1;237;9;8,0;1;1104;9;0,3;1;-0,55;1;;;;;452;9;17,1;1;-0,6;1;;;;;;;;;;;;;;;;;;;;;;;;;;;;;;;;;15;1;1111;9;76;1;154;9;586;9;0;9;3,1;9;;;50;1;;;;;;;;;;;;;;;;;;;;;;;;;;;;;;;;;;;;;;;;;;;;;2,3;9;;;;;;;;;109;1;109;1
73296005;20230427;0,0;1;;;-3,5;1;514;9;7,6;1;1244;9;2,6;1;2,05;1;;;;;336;9;11,1;1;2,1;1;;;;;;;;;;;;;;;;;;;;;;;;;;;;;;;;;36;1;1156;9;78;1;136;9;17;9;0;9;4,4;9;;;60;1;;;;;;;;;;;;;;;;;;;;;;;;;;;;;;;;;;;;;;;;;;;;;2,1;9;;;;;;;;;106;1;106;1
73296005;20230428;8,5;1;;;0,3;1;2303;9;10,6;1;1505;9;6,7;1;5,45;1;;;;;0;9;10,3;1;5,5;1;;;;;;;;;;;;;;;;;;;;;;;;;;;;;;;;;53;1;1501;9;91;1;2335;9;0;9;68;9;6,6;9;;;67;1;;;;;;;;;;;;;;;;;;;;;;;;;;;;;;;;;;;;;;;;;;;;;1,7;9;;;;;;;;;103;1;103;1
73296005;20230429;4,6;1;;;2,1;1;420;9;9,4;1;1240;9;4,1;1;5,75;1;;;;;0;9;7,3;1;5,8;1;;;;;;;;;;;;;;;;;;;;;;;;;;;;;;;;;67;1;1241;9;99;1;430;9;0;9;1173;9;7,1;9;;;87;1;;;;;;;;;;;;;;;;;;;;;;;;;;;;;;;;;;;;;;;;;;;;;1,2;9;;;;;;;;;97;1;96;1
73296005;20230430;19,6;1;;;0,4;1;321;9;6,3;1;917;9;2,3;1;3,35;1;;;;;0;9;5,9;1;3,4;1;;;;;;;;;;;;;;;;;;;;;;;;;;;;;;;;;70;1;918;9;99;1;2240;9;0;9;1215;9;6,4;9;;;89;1;;;;;;;;;;;;;;;;;;;;;;;;;;;;;;;;;;;;;;;;;;;;;0,9;9;;;;;;;;;93;1;92;1
73296005;20230501;15,0;1;;;-0,3;1;450;9;5,3;1;1005;9;0,8;1;2,50;1;;;;;350;9;5,6;1;2,5;1;;;;;;;;;;;;;;;;;;;;;;;;;;;;;;;;;74;1;1011;9;100;1;250;9;0;9;1426;9;6,1;9;;;94;1;;;;;;;;;;;;;;;;;;;;;;;;;;;;;;;;;;;;;;;;;;;;;0,9;9;;;;;;;;;112;1;100;1
73296005;20230502;0,0;1;;;-1,2;1;521;9;7,7;1;1131;9;2,0;1;3,25;1;;;;;407;9;8,9;1;3,3;1;;;;;;;;;;;;;;;;;;;;;;;;;;;;;;;;;52;1;1133;9;100;1;132;9;0;9;443;9;5,2;9;;;74;1;;;;;;;;;;;;;;;;;;;;;;;;;;;;;;;;;;;;;;;;;;;;;2,2;9;;;;;;;;;106;1;105;1
73296005;20230503;0,0;1;;;-3,6;1;323;9;11,4;1;1131;9;3,6;1;3,90;1;;;;;368;9;15,0;1;3,9;1;;;;;;;;;;;;;;;;;;;;;;;;;;;;;;;;;27;1;1125;9;72;1;109;9;341;9;0;9;4,0;9;;;52;1;;;;;;;;;;;;;;;;;;;;;;;;;;;;;;;;;;;;;;;;;;;;;2,9;9;;;;;;;;;96;1;96;1
73296005;20230504;0,0;1;;;-2,0;1;429;9;12,8;1;1215;9;5,3;1;5,40;1;;;;;172;9;14,8;1;5,4;1;;;;;;;;;;;;;;;;;;;;;;;;;;;;;;;;;29;1;1141;9;88;1;2356;9;268;9;146;9;4,9;9;;;56;1;;;;;;;;;;;;;;;;;;;;;;;;;;;;;;;;;;;;;;;;;;;;;3,0;9;;;;;;;;;93;1;92;1
73296005;20230505;0,0;1;;;0,8;1;337;9;12,6;1;1056;9;6,0;1;6,70;1;;;;;0;9;11,8;1;6,7;1;;;;;;;;;;;;;;;;;;;;;;;;;;;;;;;;;42;1;1052;9;88;1;2358;9;0;9;210;9;6,2;9;;;68;1;;;;;;;;;;;;;;;;;;;;;;;;;;;;;;;;;;;;;;;;;;;;;2,6;9;;;;;;;;;87;1;86;1
73296005;20230506;4,7;1;;;1,3;1;342;9;12,4;1;839;9;6,1;1;6,85;1;;;;;0;9;11,1;1;6,9;1;;;;;;;;;;;;;;;;;;;;;;;;;;;;;;;;;44;1;1155;9;89;1;34;9;0;9;490;9;6,3;9;;;68;1;;;;;;;;;;;;;;;;;;;;;;;;;;;;;;;;;;;;;;;;;;;;;2,6;9;;;;;;;;;81;1;80;1
73296005;20230507;4,3;1;;;2,8;1;401;9;10,2;1;836;9;4,6;1;6,50;1;;;;;0;9;7,4;1;6,5;1;;;;;;;;;;;;;;;;;;;;;;;;;;;;;;;;;54;1;838;9;99;1;2130;9;0;9;680;9;6,7;9;;;80;1;;;;;;;;;;;;;;;;;;;;;;;;;;;;;;;;;;;;;;;;;;;;;1,5;9;;;;;;;;;74;1;73;1
73296005;20230508;0,0;1;;;1,7;1;220;9;9,9;1;1029;9;4,7;1;5,80;1;;;;;0;9;8,2;1;5,8;1;;;;;;;;;;;;;;;;;;;;;;;;;;;;;;;;;59;1;1025;9;100;1;14;9;0;9;800;9;6,9;9;;;82;1;;;;;;;;;;;;;;;;;;;;;;;;;;;;;;;;;;;;;;;;;;;;;1,9;9;;;;;;;;;69;1;69;1
73296005;20230509;11,4;1;;;1,4;1;20;9;11,1;1;917;9;4,7;1;6,25;1;;;;;0;9;9,7;1;6,3;1;;;;;;;;;;;;;;;;;;;;;;;;;;;;;;;;;49;1;1036;9;96;1;2217;9;0;9;830;9;6,4;9;;;76;1;;;;;;;;;;;;;;;;;;;;;;;;;;;;;;;;;;;;;;;;;;;;;1,9;9;;;;;;;;;62;1;62;1
73296005;20230510;2,4;1;;;0,7;1;441;9;4,8;1;1104;9;1,3;1;2,75;1;;;;;216;9;4,1;1;2,8;1;;;;;;;;;;;;;;;;;;;;;;;;;;;;;;;;;63;1;1119;9;96;1;743;9;0;9;1067;9;5,8;9;;;87;1;;;;;;;;;;;;;;;;;;;;;;;;;;;;;;;;;;;;;;;;;;;;;1,6;9;;;;;;;;;57;1;56;1
73296005;20230511;2,7;1;;;-1,6;1;323;9;6,2;1;1257;9;1,1;1;2,30;1;;;;;479;9;7,8;1;2,3;1;;;;;;;;;;;;;;;;;;;;;;;;;;;;;;;;;48;1;1108;9;99;1;2233;9;0;9;857;9;5,2;9;;;81;1;;;;;;;;;;;;;;;;;;;;;;;;;;;;;;;;;;;;;;;;;;;;;1,8;9;;;;;;;;;53;1;52;1
73296005;20230512;4,4;1;;;-1,8;1;333;9;6,5;1;1529;9;1,6;1;2,35;1;;;;;376;9;8,3;1;2,4;1;;;;;;;;;;;;;;;;;;;;;;;;;;;;;;;;;56;1;1603;9;97;1;2017;9;0;9;928;9;5,5;9;;;81;1;;;;;;;;;;;;;;;;;;;;;;;;;;;;;;;;;;;;;;;;;;;;;1,3;9;;;;;;;;;47;1;47;1
73296005;20230513;0,4;1;;;-0,3;1;243;9;9,0;1;1129;9;2,4;1;4,35;1;;;;;109;9;9,3;1;4,4;1;;;;;;;;;;;;;;;;;;;;;;;;;;;;;;;;;43;1;1129;9;98;1;353;9;0;9;880;9;5,8;9;;;81;1;;;;;;;;;;;;;;;;;;;;;;;;;;;;;;;;;;;;;;;;;;;;;1,9;9;;;;;;;;;48;1;47;1
73296005;20230514;1,6;1;;;-1,1;1;159;9;6,1;1;1044;9;2,1;1;2,50;1;;;;;326;9;7,2;1;2,5;1;;;;;;;;;;;;;;;;;;;;;;;;;;;;;;;;;57;1;657;9;95;1;2144;9;0;9;591;9;5,5;9;;;78;1;;;;;;;;;;;;;;;;;;;;;;;;;;;;;;;;;;;;;;;;;;;;;1,7;9;;;;;;;;;40;1;40;1
73296005;20230515;0,2;1;;;0,0;1;411;9;7,4;1;1335;9;2,7;1;3,70;1;;;;;10;9;7,4;1;3,7;1;;;;;;;;;;;;;;;;;;;;;;;;;;;;;;;;;57;1;1340;9;97;1;139;9;0;9;852;9;5,9;9;;;81;1;;;;;;;;;;;;;;;;;;;;;;;;;;;;;;;;;;;;;;;;;;;;;2,0;9;;;;;;;;;36;1;36;1
73296005;20230516;0,8;1;;;0,6;1;501;9;5,5;1;1424;9;2,1;1;3,05;1;;;;;0;9;4,9;1;3,1;1;;;;;;;;;;;;;;;;;;;;;;;;;;;;;;;;;65;1;1222;9;99;1;2357;9;0;9;1089;9;6,2;9;;;88;1;;;;;;;;;;;;;;;;;;;;;;;;;;;;;;;;;;;;;;;;;;;;;1,6;9;;;;;;;;;30;1;30;1
73296005;20230517;0,5;1;;;-0,3;1;411;9;4,3;1;5;9;1,7;1;2,00;1;;;;;64;9;4,6;1;2,0;1;;;;;;;;;;;;;;;;;;;;;;;;;;;;;;;;;70;1;746;9;99;1;1;9;0;9;1230;9;6,2;9;;;90;1;;;;;;;;;;;;;;;;;;;;;;;;;;;;;;;;;;;;;;;;;;;;;1,1;9;;;;;;;;;26;1;23;1
73296005;20230518;0,3;1;;;1,2;1;1943;9;6,7;1;1303;9;3,8;1;3,95;1;;;;;0;9;5,5;1;4,0;1;;;;;;;;;;;;;;;;;;;;;;;;;;;;;;;;;56;1;829;9;100;1;2051;9;0;9;614;9;6,5;9;;;81;1;;;;;;;;;;;;;;;;;;;;;;;;;;;;;;;;;;;;;;;;;;;;;1,6;9;;;;;;;;;20;1;20;1
73296005;20230519;0,1;1;;;1,3;1;2305;9;7,6;1;1249;9;4,3;1;4,45;1;;;;;0;9;6,3;1;4,5;1;;;;;;;;;;;;;;;;;;;;;;;;;;;;;;;;;53;1;1254;9;88;1;1;9;0;9;137;9;5,7;9;;;70;1;;;;;;;;;;;;;;;;;;;;;;;;;;;;;;;;;;;;;;;;;;;;;1,8;9;;;;;;;;;13;1;12;1
73296005;20230520;0,4;1;;;2,8;1;330;9;6,0;1;1229;9;4,8;1;4,40;1;;;;;0;9;3,2;1;4,4;1;;;;;;;;;;;;;;;;;;;;;;;;;;;;;;;;;62;1;1410;9;80;1;318;9;0;9;8;9;6,0;9;;;70;1;;;;;;;;;;;;;;;;;;;;;;;;;;;;;;;;;;;;;;;;;;;;;1,8;9;;;;;;;;;4;1;4;1
73296005;20230521;0,6;1;;;4,0;1;346;9;8,1;1;859;9;6,7;1;6,05;1;;;;;0;9;4,1;1;6,1;1;;;;;;;;;;;;;;;;;;;;;;;;;;;;;;;;;53;1;2130;9;78;1;319;9;0;9;0;9;6,4;9;;;66;1;;;;;;;;;;;;;;;;;;;;;;;;;;;;;;;;;;;;;;;;;;;;;1,9;9;;;;;;;;;0;1;0;1
73296005;20230522;0,0;1;;;3,9;1;355;9;12,3;1;1312;9;8,4;1;8,10;1;;;;;0;9;8,4;1;8,1;1;;;;;;;;;;;;;;;;;;;;;;;;;;;;;;;;;39;1;1313;9;81;1;348;9;7;9;18;9;6,1;9;;;57;1;;;;;;;;;;;;;;;;;;;;;;;;;;;;;;;;;;;;;;;;;;;;;3,0;9;;;;;;;;;0;1;0;1
73296005;20230523;0,0;1;;;4,0;1;316;9;13,7;1;1638;9;9,0;1;8,85;1;;;;;0;9;9,7;1;8,9;1;;;;;;;;;;;;;;;;;;;;;;;;;;;;;;;;;36;1;1633;9;83;1;2137;9;214;9;52;9;6,5;9;;;58;1;;;;;;;;;;;;;;;;;;;;;;;;;;;;;;;;;;;;;;;;;;;;;3,2;9;;;;;;;;;0;1;0;1
73296005;20230524;6,2;1;;;4,1;1;256;9;11,4;1;816;9;6,8;1;7,75;1;;;;;0;9;7,3;1;7,8;1;;;;;;;;;;;;;;;;;;;;;;;;;;;;;;;;;51;1;841;9;94;1;2312;9;0;9;648;9;7,5;9;;;77;1;;;;;;;;;;;;;;;;;;;;;;;;;;;;;;;;;;;;;;;;;;;;;1,8;9;;;;;;;;;0;1;0;1
73296005;20230525;4,6;1;;;3,5;1;218;9;10,4;1;1447;9;6,3;1;6,95;1;;;;;0;9;6,9;1;7,0;1;;;;;;;;;;;;;;;;;;;;;;;;;;;;;;;;;52;1;1606;9;92;1;41;9;0;9;440;9;6,7;9;;;71;1;;;;;;;;;;;;;;;;;;;;;;;;;;;;;;;;;;;;;;;;;;;;;2,3;9;;;;;;;;;0;1;0;1
73296005;20230526;0,0;1;;;4,1;1;252;9;13,9;1;1146;9;9,2;1;9,00;1;;;;;0;9;9,8;1;9,0;1;;;;;;;;;;;;;;;;;;;;;;;;;;;;;;;;;36;1;1147;9;83;1;2324;9;177;9;43;9;6,6;9;;;58;1;;;;;;;;;;;;;;;;;;;;;;;;;;;;;;;;;;;;;;;;;;;;;3,4;9;;;;;;;;;0;1;0;1
73296005;20230527;0,5;1;;;5,9;1;212;9;14,9;1;1248;9;10,5;1;10,40;1;;;;;0;9;9,0;1;10,4;1;;;;;;;;;;;;;;;;;;;;;;;;;;;;;;;;;36;1;1015;9;80;1;11;9;181;9;2;9;7,1;9;;;58;1;;;;;;;;;;;;;;;;;;;;;;;;;;;;;;;;;;;;;;;;;;;;;3,6;9;;;;;;;;;0;1;0;1
73296005;20230528;4,5;1;;;5,4;1;321;9;13,7;1;1210;9;8,7;1;9,55;1;;;;;0;9;8,3;1;9,6;1;;;;;;;;;;;;;;;;;;;;;;;;;;;;;;;;;40;1;1217;9;86;1;2108;9;11;9;179;9;7,0;9;;;64;1;;;;;;;;;;;;;;;;;;;;;;;;;;;;;;;;;;;;;;;;;;;;;3,2;9;;;;;;;;;0;1;0;1
73296005;20230529;0,0;1;;;4,8;1;2335;9;12,8;1;1410;9;8,8;1;8,80;1;;;;;0;9;8,0;1;8,8;1;;;;;;;;;;;;;;;;;;;;;;;;;;;;;;;;;44;1;1408;9;83;1;1;9;0;9;36;9;6,7;9;;;61;1;;;;;;;;;;;;;;;;;;;;;;;;;;;;;;;;;;;;;;;;;;;;;3,0;9;;;;;;;;;0;1;0;1
73296005;20230530;1,0;1;;;5,3;1;308;9;14,0;1;955;9;9,5;1;9,65;1;;;;;0;9;8,7;1;9,7;1;;;;;;;;;;;;;;;;;;;;;;;;;;;;;;;;;41;1;954;9;89;1;2103;9;0;9;121;9;7,0;9;;;60;1;;;;;;;;;;;;;;;;;;;;;;;;;;;;;;;;;;;;;;;;;;;;;3,1;9;;;;;;;;;0;1;0;1
73296005;20230531;1,7;1;;;5,8;1;1137;9;10,3;1;1413;9;7,5;1;8,05;1;;;;;0;9;4,5;1;8,1;1;;;;;;;;;;;;;;;;;;;;;;;;;;;;;;;;;50;1;1836;9;77;1;125;9;0;9;0;9;6,4;9;;;61;1;;;;;;;;;;;;;;;;;;;;;;;;;;;;;;;;;;;;;;;;;;;;;2,9;9;;;;;;;;;0;1;0;1
73296005;20230601;0,0;1;;;4,6;1;446;9;13,4;1;1500;9;9,2;1;9,00;1;;;;;0;9;8,8;1;9,0;1;;;;;;;;;;;;;;;;;;;;;;;;;;;;;;;;;40;1;1029;9;78;1;2310;9;3;9;0;9;6,6;9;;;58;1;;;;;;;;;;;;;;;;;;;;;;;;;;;;;;;;;;;;;;;;;;;;;2,8;9;;;;;;;;;0;1;0;1
73296005;20230602;0,0;1;;;5,6;1;203;9;13,4;1;1139;9;9,4;1;9,50;1;;;;;0;9;7,8;1;9,5;1;;;;;;;;;;;;;;;;;;;;;;;;;;;;;;;;;45;1;744;9;84;1;1906;9;0;9;83;9;7,2;9;;;62;1;;;;;;;;;;;;;;;;;;;;;;;;;;;;;;;;;;;;;;;;;;;;;2,6;9;;;;;;;;;0;1;0;1
73296005;20230603;15,4;1;;;5,8;1;322;9;13,5;1;1145;9;8,7;1;9,65;1;;;;;0;9;7,7;1;9,7;1;;;;;;;;;;;;;;;;;;;;;;;;;;;;;;;;;46;1;650;9;91;1;2220;9;0;9;329;9;7,7;9;;;70;1;;;;;;;;;;;;;;;;;;;;;;;;;;;;;;;;;;;;;;;;;;;;;2,8;9;;;;;;;;;0;1;0;1
73296005;20230604;5,6;1;;;5,5;1;2152;9;12,5;1;1435;9;7,9;1;9,00;1;;;;;0;9;7,0;1;9,0;1;;;;;;;;;;;;;;;;;;;;;;;;;;;;;;;;;55;1;1437;9;89;1;1738;9;0;9;749;9;8,2;9;;;78;1;;;;;;;;;;;;;;;;;;;;;;;;;;;;;;;;;;;;;;;;;;;;;1,9;9;;;;;;;;;0;1;0;1
73296005;20230605;0,7;1;;;5,0;1;334;9;13,2;1;1143;9;8,4;1;9,10;1;;;;;0;9;8,2;1;9,1;1;;;;;;;;;;;;;;;;;;;;;;;;;;;;;;;;;54;1;1104;9;87;1;456;9;0;9;373;9;7,8;9;;;72;1;;;;;;;;;;;;;;;;;;;;;;;;;;;;;;;;;;;;;;;;;;;;;2,8;9;;;;;;;;;0;1;0;1
73296005;20230606;0,0;1;;;5,0;1;402;9;14,0;1;1114;9;9,4;1;9,50;1;;;;;0;9;9,0;1;9,5;1;;;;;;;;;;;;;;;;;;;;;;;;;;;;;;;;;35;1;1141;9;84;1;253;9;76;9;128;9;7,1;9;;;61;1;;;;;;;;;;;;;;;;;;;;;;;;;;;;;;;;;;;;;;;;;;;;;3,2;9;;;;;;;;;0;1;0;1
73296005;20230607;0,9;1;;;6,0;1;258;9;13,9;1;1127;9;9,6;1;9,95;1;;;;;0;9;7,9;1;10,0;1;;;;;;;;;;;;;;;;;;;;;;;;;;;;;;;;;43;1;1230;9;92;1;2359;9;0;9;117;9;7,8;9;;;67;1;;;;;;;;;;;;;;;;;;;;;;;;;;;;;;;;;;;;;;;;;;;;;2,9;9;;;;;;;;;0;1;0;1
73296005;20230608;1,9;1;;;5,6;1;311;9;14,7;1;1207;9;10,0;1;10,15;1;;;;;0;9;9,1;1;10,2;1;;;;;;;;;;;;;;;;;;;;;;;;;;;;;;;;;48;1;952;9;95;1;7;9;0;9;383;9;8,3;9;;;69;1;;;;;;;;;;;;;;;;;;;;;;;;;;;;;;;;;;;;;;;;;;;;;2,7;9;;;;;;;;;0;1;0;1
73296005;20230609;2,6;1;;;7,1;1;248;9;13,9;1;837;9;10,1;1;10,50;1;;;;;0;9;6,8;1;10,5;1;;;;;;;;;;;;;;;;;;;;;;;;;;;;;;;;;44;1;902;9;89;1;2013;9;0;9;397;9;8,8;9;;;72;1;;;;;;;;;;;;;;;;;;;;;;;;;;;;;;;;;;;;;;;;;;;;;1,9;9;;;;;;;;;0;1;0;1
73296005;20230610;1,1;1;;;7,4;1;359;9;14,2;1;1407;9;9,8;1;10,80;1;;;;;0;9;6,8;1;10,8;1;;;;;;;;;;;;;;;;;;;;;;;;;;;;;;;;;56;1;1413;9;94;1;613;9;0;9;824;9;9,4;9;;;79;1;;;;;;;;;;;;;;;;;;;;;;;;;;;;;;;;;;;;;;;;;;;;;2,3;9;;;;;;;;;0;1;0;1
73296005;20230611;13,1;1;;;6,7;1;432;9;16,4;1;1414;9;10,8;1;11,55;1;;;;;0;9;9,7;1;11,6;1;;;;;;;;;;;;;;;;;;;;;;;;;;;;;;;;;46;1;1152;9;91;1;2049;9;0;9;552;9;9,0;9;;;71;1;;;;;;;;;;;;;;;;;;;;;;;;;;;;;;;;;;;;;;;;;;;;;3,2;9;;;;;;;;;0;1;0;1
73296005;20230612;11,2;1;;;6,9;1;23;9;16,2;1;1140;9;10,1;1;11,55;1;;;;;0;9;9,3;1;11,6;1;;;;;;;;;;;;;;;;;;;;;;;;;;;;;;;;;43;1;1050;9;89;1;1724;9;0;9;463;9;8,5;9;;;70;1;;;;;;;;;;;;;;;;;;;;;;;;;;;;;;;;;;;;;;;;;;;;;3,1;9;;;;;;;;;0;1;0;1
73296005;20230613;0,8;1;;;6,6;1;2358;9;12,4;1;1446;9;9,6;1;9,50;1;;;;;0;9;5,8;1;9,5;1;;;;;;;;;;;;;;;;;;;;;;;;;;;;;;;;;61;1;845;9;99;1;2039;9;0;9;481;9;9,2;9;;;77;1;;;;;;;;;;;;;;;;;;;;;;;;;;;;;;;;;;;;;;;;;;;;;1,9;9;;;;;;;;;0;1;0;1
73296005;20230614;5,6;1;;;7,2;1;9;9;14,4;1;1042;9;9,6;1;10,80;1;;;;;0;9;7,2;1;10,8;1;;;;;;;;;;;;;;;;;;;;;;;;;;;;;;;;;55;1;1022;9;94;1;446;9;0;9;472;9;8,7;9;;;74;1;;;;;;;;;;;;;;;;;;;;;;;;;;;;;;;;;;;;;;;;;;;;;3,1;9;;;;;;;;;0;1;0;1
73296005;20230615;0,0;1;;;4,7;1;417;9;13,4;1;1355;9;9,5;1;9,05;1;;;;;0;9;8,7;1;9,1;1;;;;;;;;;;;;;;;;;;;;;;;;;;;;;;;;;40;1;1101;9;80;1;109;9;1;9;1;9;7,0;9;;;60;1;;;;;;;;;;;;;;;;;;;;;;;;;;;;;;;;;;;;;;;;;;;;;3,2;9;;;;;;;;;0;1;0;1
73296005;20230616;0,0;1;;;5,4;1;437;9;13,6;1;1508;9;9,9;1;9,50;1;;;;;0;9;8,2;1;9,5;1;;;;;;;;;;;;;;;;;;;;;;;;;;;;;;;;;35;1;1422;9;78;1;248;9;118;9;0;9;6,7;9;;;57;1;;;;;;;;;;;;;;;;;;;;;;;;;;;;;;;;;;;;;;;;;;;;;3,5;9;;;;;;;;;0;1;0;1
73296005;20230617;0,0;1;;;5,3;1;247;9;15,3;1;1602;9;11,1;1;10,30;1;;;;;0;9;10,0;1;10,3;1;;;;;;;;;;;;;;;;;;;;;;;;;;;;;;;;;24;1;1146;9;81;1;103;9;613;9;2;9;6,1;9;;;49;1;;;;;;;;;;;;;;;;;;;;;;;;;;;;;;;;;;;;;;;;;;;;;3,8;9;;;;;;;;;0;1;0;1
73296005;20230618;0,4;1;;;8,0;1;306;9;17,3;1;1055;9;12,5;1;12,65;1;;;;;0;9;9,3;1;12,7;1;;;;;;;;;;;;;;;;;;;;;;;;;;;;;;;;;34;1;843;9;76;1;2143;9;189;9;0;9;8,3;9;;;58;1;;;;;;;;;;;;;;;;;;;;;;;;;;;;;;;;;;;;;;;;;;;;;3,3;9;;;;;;;;;0;1;0;1
73296005;20230619;0,0;1;;;9,9;1;30;9;18,3;1;1357;9;14,7;1;14,10;1;;;;;0;9;8,4;1;14,1;1;;;;;;;;;;;;;;;;;;;;;;;;;;;;;;;;;45;1;1010;9;79;1;310;9;0;9;0;9;9,5;9;;;57;1;;;;;;;;;;;;;;;;;;;;;;;;;;;;;;;;;;;;;;;;;;;;;3,5;9;;;;;;;;;0;1;0;1
73296005;20230620;4,8;1;;;11,8;1;450;9;20,1;1;1433;9;16,1;1;15,95;1;;;;;0;9;8,3;1;16,0;1;;;;;;;;;;;;;;;;;;;;;;;;;;;;;;;;;42;1;1432;9;74;1;1606;9;0;9;0;9;9,6;9;;;53;1;;;;;;;;;;;;;;;;;;;;;;;;;;;;;;;;;;;;;;;;;;;;;4,5;9;;;;;;;;;0;1;0;1
73296005;20230621;0,7;1;;;10,5;1;223;9;22,0;1;1415;9;17,0;1;16,25;1;;;;;0;9;11,5;1;16,3;1;;;;;;;;;;;;;;;;;;;;;;;;;;;;;;;;;31;1;1234;9;74;1;219;9;756;9;0;9;8,2;9;;;44;1;;;;;;;;;;;;;;;;;;;;;;;;;;;;;;;;;;;;;;;;;;;;;5,1;9;;;;;;;;;0;1;0;1
73296005;20230622;17,8;1;;;7,8;1;1751;9;17,1;1;829;9;13,2;1;12,45;1;;;;;0;9;9,3;1;12,5;1;;;;;;;;;;;;;;;;;;;;;;;;;;;;;;;;;32;1;1;9;98;1;2237;9;275;9;466;9;9,0;9;;;63;1;;;;;;;;;;;;;;;;;;;;;;;;;;;;;;;;;;;;;;;;;;;;;2,5;9;;;;;;;;;0;1;0;1
73296005;20230623;0,0;1;;;7,4;1;535;9;14,9;1;1543;9;10,2;1;11,15;1;;;;;0;9;7,5;1;11,2;1;;;;;;;;;;;;;;;;;;;;;;;;;;;;;;;;;50;1;1552;9;100;1;343;9;0;9;755;9;9,6;9;;;78;1;;;;;;;;;;;;;;;;;;;;;;;;;;;;;;;;;;;;;;;;;;;;;3,3;9;;;;;;;;;0;1;0;1
73296005;20230624;0,0;1;;;5,7;1;405;9;19,1;1;1314;9;13,2;1;12,40;1;;;;;0;9;13,4;1;12,4;1;;;;;;;;;;;;;;;;;;;;;;;;;;;;;;;;;25;1;746;9;87;1;2053;9;260;9;436;9;8,8;9;;;60;1;;;;;;;;;;;;;;;;;;;;;;;;;;;;;;;;;;;;;;;;;;;;;4,0;9;;;;;;;;;0;1;0;1
73296005;20230625;0,0;1;;;9,3;1;150;9;19,4;1;1424;9;14,7;1;14,35;1;;;;;0;9;10,1;1;14,4;1;;;;;;;;;;;;;;;;;;;;;;;;;;;;;;;;;40;1;1605;9;84;1;2352;9;3;9;96;9;9,6;9;;;59;1;;;;;;;;;;;;;;;;;;;;;;;;;;;;;;;;;;;;;;;;;;;;;4,4;9;;;;;;;;;0;1;0;1
73296005;20230626;0,0;1;;;8,8;1;313;9;19,5;1;1319;9;14,2;1;14,15;1;;;;;0;9;10,7;1;14,2;1;;;;;;;;;;;;;;;;;;;;;;;;;;;;;;;;;39;1;1310;9;89;1;200;9;6;9;452;9;10,2;9;;;65;1;;;;;;;;;;;;;;;;;;;;;;;;;;;;;;;;;;;;;;;;;;;;;3,9;9;;;;;;;;;0;1;0;1
73296005;20230627;0,0;1;;;8,1;1;356;9;17,5;1;1138;9;12,7;1;12,80;1;;;;;0;9;9,4;1;12,8;1;;;;;;;;;;;;;;;;;;;;;;;;;;;;;;;;;39;1;1133;9;90;1;2356;9;3;9;460;9;10,0;9;;;70;1;;;;;;;;;;;;;;;;;;;;;;;;;;;;;;;;;;;;;;;;;;;;;3,2;9;;;;;;;;;0;1;0;1
73296005;20230628;0,0;1;;;7,4;1;324;9;18,5;1;1259;9;12,9;1;12,95;1;;;;;0;9;11,1;1;13,0;1;;;;;;;;;;;;;;;;;;;;;;;;;;;;;;;;;52;1;1231;9;91;1;10;9;0;9;572;9;10,5;9;;;72;1;;;;;;;;;;;;;;;;;;;;;;;;;;;;;;;;;;;;;;;;;;;;;3,4;9;;;;;;;;;0;1;0;1
73296005;20230629;6,9;1;;;9,2;1;330;9;17,9;1;1037;9;12,4;1;13,55;1;;;;;0;9;8,7;1;13,6;1;;;;;;;;;;;;;;;;;;;;;;;;;;;;;;;;;52;1;947;9;96;1;2308;9;0;9;570;9;10,7;9;;;76;1;;;;;;;;;;;;;;;;;;;;;;;;;;;;;;;;;;;;;;;;;;;;;2,4;9;;;;;;;;;0;1;0;1
73296005;20230630;6,1;1;;;7,5;1;1759;9;10,4;1;957;9;8,2;1;8,95;1;;;;;0;9;2,9;1;9,0;1;;;;;;;;;;;;;;;;;;;;;;;;;;;;;;;;;80;1;637;9;99;1;359;9;0;9;1440;9;10,3;9;;;94;1;;;;;;;;;;;;;;;;;;;;;;;;;;;;;;;;;;;;;;;;;;;;;0,9;9;;;;;;;;;0;1;0;1
73296005;20230701;2,6;1;;;5,0;1;309;9;12,0;1;1115;9;8,2;1;8,50;1;;;;;0;9;7,0;1;8,5;1;;;;;;;;;;;;;;;;;;;;;;;;;;;;;;;;;58;1;1111;9;100;1;228;9;0;9;1029;9;9,7;9;;;90;1;;;;;;;;;;;;;;;;;;;;;;;;;;;;;;;;;;;;;;;;;;;;;1,9;9;;;;;;;;;0;1;0;1
73296005;20230702;0,0;1;;;7,5;1;206;9;14,3;1;1307;9;10,3;1;10,90;1;;;;;0;9;6,8;1;10,9;1;;;;;;;;;;;;;;;;;;;;;;;;;;;;;;;;;62;1;1157;9;100;1;1;9;0;9;834;9;10,3;9;;;83;1;;;;;;;;;;;;;;;;;;;;;;;;;;;;;;;;;;;;;;;;;;;;;2,7;9;;;;;;;;;0;1;0;1
73296005;20230703;0,0;1;;;6,9;1;125;9;16,5;1;1328;9;10,8;1;11,70;1;;;;;0;9;9,6;1;11,7;1;;;;;;;;;;;;;;;;;;;;;;;;;;;;;;;;;34;1;1358;9;92;1;101;9;53;9;620;9;9,0;9;;;72;1;;;;;;;;;;;;;;;;;;;;;;;;;;;;;;;;;;;;;;;;;;;;;3,5;9;;;;;;;;;0;1;0;1
73296005;20230704;0,0;1;;;5,7;1;404;9;17,3;1;1253;9;11,5;1;11,50;1;;;;;0;9;11,6;1;11,5;1;;;;;;;;;;;;;;;;;;;;;;;;;;;;;;;;;37;1;1336;9;88;1;1;9;47;9;336;9;8,4;9;;;63;1;;;;;;;;;;;;;;;;;;;;;;;;;;;;;;;;;;;;;;;;;;;;;3,7;9;;;;;;;;;0;1;0;1
73296005;20230705;0,0;1;;;7,3;1;307;9;15,9;1;1317;9;11,1;1;11,60;1;;;;;0;9;8,6;1;11,6;1;;;;;;;;;;;;;;;;;;;;;;;;;;;;;;;;;41;1;1317;9;83;1;310;9;0;9;63;9;8,3;9;;;64;1;;;;;;;;;;;;;;;;;;;;;;;;;;;;;;;;;;;;;;;;;;;;;3,4;9;;;;;;;;;0;1;0;1
73296005;20230706;0,0;1;;;6,0;1;401;9;15,7;1;1400;9;11,0;1;10,85;1;;;;;0;9;9,7;1;10,9;1;;;;;;;;;;;;;;;;;;;;;;;;;;;;;;;;;32;1;1230;9;90;1;255;9;336;9;297;9;7,2;9;;;58;1;;;;;;;;;;;;;;;;;;;;;;;;;;;;;;;;;;;;;;;;;;;;;3,7;9;;;;;;;;;0;1;0;1
73296005;20230707;0,6;1;;;7,7;1;2344;9;18,4;1;1409;9;13,7;1;13,05;1;;;;;0;9;10,7;1;13,1;1;;;;;;;;;;;;;;;;;;;;;;;;;;;;;;;;;32;1;726;9;78;1;2226;9;390;9;0;9;8,3;9;;;54;1;;;;;;;;;;;;;;;;;;;;;;;;;;;;;;;;;;;;;;;;;;;;;4,0;9;;;;;;;;;0;1;0;1
73296005;20230708;0,0;1;;;11,4;1;2227;9;19,9;1;1449;9;15,5;1;15,65;1;;;;;0;9;8,5;1;15,7;1;;;;;;;;;;;;;;;;;;;;;;;;;;;;;;;;;31;1;1547;9;76;1;39;9;398;9;0;9;8,7;9;;;51;1;;;;;;;;;;;;;;;;;;;;;;;;;;;;;;;;;;;;;;;;;;;;;4,8;9;;;;;;;;;0;1;0;1
73296005;20230709;0,0;1;;;10,1;1;245;9;22,4;1;1704;9;17,1;1;16,25;1;;;;;0;9;12,3;1;16,3;1;;;;;;;;;;;;;;;;;;;;;;;;;;;;;;;;;27;1;913;9;77;1;2343;9;587;9;0;9;9,5;9;;;51;1;;;;;;;;;;;;;;;;;;;;;;;;;;;;;;;;;;;;;;;;;;;;;4,9;9;;;;;;;;;0;1;0;1
73296005;20230710;0,0;1;;;12,2;1;223;9;22,2;1;1546;9;16,9;1;17,20;1;;;;;0;9;10,0;1;17,2;1;;;;;;;;;;;;;;;;;;;;;;;;;;;;;;;;;34;1;835;9;83;1;216;9;246;9;20;9;10,3;9;;;56;1;;;;;;;;;;;;;;;;;;;;;;;;;;;;;;;;;;;;;;;;;;;;;5,0;9;;;;;;;;;0;1;0;1
73296005;20230711;4,9;1;;;11,8;1;138;9;25,7;1;1541;9;19,5;1;18,75;1;;;;;0;9;13,9;1;18,8;1;;;;;;;;;;;;;;;;;;;;;;;;;;;;;;;;;21;1;1300;9;66;1;122;9;778;9;0;9;9,3;9;;;43;1;;;;;;;;;;;;;;;;;;;;;;;;;;;;;;;;;;;;;;;;;;;;;5,9;9;;;;;;;;;0;1;0;1
73296005;20230712;19,4;1;;;13,0;1;405;9;22,5;1;1249;9;16,3;1;17,75;1;;;;;0;9;9,5;1;17,8;1;;;;;;;;;;;;;;;;;;;;;;;;;;;;;;;;;23;1;1358;9;89;1;2014;9;322;9;126;9;10,5;9;;;59;1;;;;;;;;;;;;;;;;;;;;;;;;;;;;;;;;;;;;;;;;;;;;;4,8;9;;;;;;;;;0;1;0;1
73296005;20230713;0,0;1;;;8,6;1;400;9;16,1;1;1540;9;11,1;1;12,35;1;;;;;0;9;7,5;1;12,4;1;;;;;;;;;;;;;;;;;;;;;;;;;;;;;;;;;44;1;1547;9;97;1;157;9;0;9;846;9;10,3;9;;;79;1;;;;;;;;;;;;;;;;;;;;;;;;;;;;;;;;;;;;;;;;;;;;;2,9;9;;;;;;;;;0;1;0;1
73296005;20230714;0,0;1;;;7,8;1;14;9;21,4;1;1638;9;15,3;1;14,60;1;;;;;0;9;13,6;1;14,6;1;;;;;;;;;;;;;;;;;;;;;;;;;;;;;;;;;21;1;1142;9;89;1;30;9;489;9;74;9;8,6;9;;;53;1;;;;;;;;;;;;;;;;;;;;;;;;;;;;;;;;;;;;;;;;;;;;;4,6;9;;;;;;;;;0;1;0;1
73296005;20230715;0,0;1;;;10,5;1;202;9;21,6;1;1431;9;16,8;1;16,05;1;;;;;0;9;11,1;1;16,1;1;;;;;;;;;;;;;;;;;;;;;;;;;;;;;;;;;32;1;715;9;75;1;3;9;365;9;0;9;8,8;9;;;47;1;;;;;;;;;;;;;;;;;;;;;;;;;;;;;;;;;;;;;;;;;;;;;4,7;9;;;;;;;;;0;1;0;1
73296005;20230716;0,0;1;;;9,8;1;410;9;21,1;1;1553;9;15,5;1;15,45;1;;;;;0;9;11,3;1;15,5;1;;;;;;;;;;;;;;;;;;;;;;;;;;;;;;;;;40;1;1641;9;88;1;2354;9;4;9;196;9;10,7;9;;;63;1;;;;;;;;;;;;;;;;;;;;;;;;;;;;;;;;;;;;;;;;;;;;;4,3;9;;;;;;;;;0;1;0;1
73296005;20230717;0,0;1;;;9,7;1;254;9;22,1;1;1542;9;17,4;1;15,90;1;;;;;0;9;12,4;1;15,9;1;;;;;;;;;;;;;;;;;;;;;;;;;;;;;;;;;25;1;2354;9;92;1;238;9;807;9;245;9;8,9;9;;;48;1;;;;;;;;;;;;;;;;;;;;;;;;;;;;;;;;;;;;;;;;;;;;;5,1;9;;;;;;;;;0;1;0;1
73296005;20230718;0,0;1;;;15,1;1;2235;9;25,5;1;1106;9;21,3;1;20,30;1;;;;;0;9;10,4;1;20,3;1;;;;;;;;;;;;;;;;;;;;;;;;;;;;;;;;;19;1;113;9;59;1;2321;9;1174;9;0;9;8,5;9;;;34;1;;;;;;;;;;;;;;;;;;;;;;;;;;;;;;;;;;;;;;;;;;;;;6,2;9;;;;;;;;;0;1;0;1
73296005;20230719;0,0;1;;;15,4;1;420;9;21,6;1;1256;9;17,5;1;18,50;1;;;;;0;9;6,2;1;18,5;1;;;;;;;;;;;;;;;;;;;;;;;;;;;;;;;;;33;1;1335;9;70;1;122;9;185;9;0;9;10,5;9;;;53;1;;;;;;;;;;;;;;;;;;;;;;;;;;;;;;;;;;;;;;;;;;;;;5,1;9;;;;;;;;;0;1;0;1
73296005;20230720;0,0;1;;;7,9;1;436;9;20,7;1;1342;9;13,9;1;14,30;1;;;;;0;9;12,8;1;14,3;1;;;;;;;;;;;;;;;;;;;;;;;;;;;;;;;;;27;1;1212;9;87;1;416;9;290;9;193;9;8,8;9;;;58;1;;;;;;;;;;;;;;;;;;;;;;;;;;;;;;;;;;;;;;;;;;;;;4,1;9;;;;;;;;;0;1;0;1
73296005;20230721;2,9;1;;;8,9;1;127;9;17,0;1;1200;9;12,5;1;12,95;1;;;;;0;9;8,1;1;13,0;1;;;;;;;;;;;;;;;;;;;;;;;;;;;;;;;;;43;1;1250;9;85;1;652;9;0;9;74;9;8,8;9;;;62;1;;;;;;;;;;;;;;;;;;;;;;;;;;;;;;;;;;;;;;;;;;;;;3,8;9;;;;;;;;;0;1;0;1
73296005;20230722;0,0;1;;;6,8;1;415;9;16,6;1;1422;9;11,4;1;11,70;1;;;;;0;9;9,8;1;11,7;1;;;;;;;;;;;;;;;;;;;;;;;;;;;;;;;;;24;1;1358;9;92;1;430;9;297;9;436;9;8,3;9;;;65;1;;;;;;;;;;;;;;;;;;;;;;;;;;;;;;;;;;;;;;;;;;;;;3,5;9;;;;;;;;;0;1;0;1
73296005;20230723;5,8;1;;;7,1;1;312;9;20,2;1;1446;9;14,3;1;13,65;1;;;;;0;9;13,1;1;13,7;1;;;;;;;;;;;;;;;;;;;;;;;;;;;;;;;;;23;1;1610;9;83;1;7;9;723;9;31;9;6,8;9;;;43;1;;;;;;;;;;;;;;;;;;;;;;;;;;;;;;;;;;;;;;;;;;;;;4,7;9;;;;;;;;;0;1;0;1
73296005;20230724;16,0;1;;;8,5;1;705;9;17,6;1;1417;9;13,1;1;13,05;1;;;;;0;9;9,1;1;13,1;1;;;;;;;;;;;;;;;;;;;;;;;;;;;;;;;;;38;1;235;9;98;1;702;9;8;9;276;9;10,3;9;;;69;1;;;;;;;;;;;;;;;;;;;;;;;;;;;;;;;;;;;;;;;;;;;;;2,5;9;;;;;;;;;0;1;0;1
73296005;20230725;2,5;1;;;6,5;1;514;9;10,6;1;917;9;7,9;1;8,55;1;;;;;0;9;4,1;1;8,6;1;;;;;;;;;;;;;;;;;;;;;;;;;;;;;;;;;50;1;1021;9;99;1;212;9;0;9;473;9;7,5;9;;;71;1;;;;;;;;;;;;;;;;;;;;;;;;;;;;;;;;;;;;;;;;;;;;;2,6;9;;;;;;;;;0;1;0;1
73296005;20230726;0,0;1;;;3,1;1;337;9;10,6;1;1308;9;6,2;1;6,85;1;;;;;0;9;7,5;1;6,9;1;;;;;;;;;;;;;;;;;;;;;;;;;;;;;;;;;48;1;1312;9;94;1;551;9;0;9;466;9;6,6;9;;;70;1;;;;;;;;;;;;;;;;;;;;;;;;;;;;;;;;;;;;;;;;;;;;;2,3;9;;;;;;;;;0;1;0;1
73296005;20230727;0,0;1;;;3,4;1;104;9;17,9;1;1640;9;11,7;1;10,65;1;;;;;0;9;14,5;1;10,7;1;;;;;;;;;;;;;;;;;;;;;;;;;;;;;;;;;21;1;939;9;81;1;6;9;619;9;9;9;6,5;9;;;48;1;;;;;;;;;;;;;;;;;;;;;;;;;;;;;;;;;;;;;;;;;;;;;3,8;9;;;;;;;;;0;1;0;1
73296005;20230728;0,0;1;;;10,4;1;2204;9;17,0;1;1405;9;13,5;1;13,70;1;;;;;0;9;6,6;1;13,7;1;;;;;;;;;;;;;;;;;;;;;;;;;;;;;;;;;28;1;1355;9;77;1;2134;9;59;9;0;9;8,9;9;;;59;1;;;;;;;;;;;;;;;;;;;;;;;;;;;;;;;;;;;;;;;;;;;;;3,2;9;;;;;;;;;0;1;0;1
73296005;20230729;10,2;1;;;9,3;1;504;9;17,5;1;1437;9;13,3;1;13,40;1;;;;;0;9;8,2;1;13,4;1;;;;;;;;;;;;;;;;;;;;;;;;;;;;;;;;;42;1;757;9;96;1;2301;9;0;9;211;9;9,6;9;;;64;1;;;;;;;;;;;;;;;;;;;;;;;;;;;;;;;;;;;;;;;;;;;;;2,6;9;;;;;;;;;0;1;0;1
73296005;20230730;0,0;1;;;8,4;1;219;9;16,4;1;1340;9;11,4;1;12,40;1;;;;;0;9;8,0;1;12,4;1;;;;;;;;;;;;;;;;;;;;;;;;;;;;;;;;;40;1;1334;9;97;1;213;9;3;9;301;9;8,5;9;;;64;1;;;;;;;;;;;;;;;;;;;;;;;;;;;;;;;;;;;;;;;;;;;;;3,6;9;;;;;;;;;0;1;0;1
73296005;20230731;0,0;1;;;5,9;1;356;9;18,9;1;1434;9;12,4;1;12,40;1;;;;;0;9;13,0;1;12,4;1;;;;;;;;;;;;;;;;;;;;;;;;;;;;;;;;;28;1;819;9;82;1;109;9;547;9;27;9;7,4;9;;;54;1;;;;;;;;;;;;;;;;;;;;;;;;;;;;;;;;;;;;;;;;;;;;;3,9;9;;;;;;;;;0;1;0;1
73296005;20230801;0,4;1;;;9,5;1;138;9;13,9;1;921;9;11,5;1;11,70;1;;;;;0;9;4,4;1;11,7;1;;;;;;;;;;;;;;;;;;;;;;;;;;;;;;;;;46;1;929;9;76;1;1;9;0;9;0;9;7,9;9;;;59;1;;;;;;;;;;;;;;;;;;;;;;;;;;;;;;;;;;;;;;;;;;;;;2,9;9;;;;;;;;;0;1;0;1
73296005;20230802;7,5;1;;;7,9;1;501;9;19,8;1;1457;9;13,7;1;13,85;1;;;;;0;9;11,9;1;13,9;1;;;;;;;;;;;;;;;;;;;;;;;;;;;;;;;;;28;1;1713;9;93;1;510;9;397;9;462;9;9,0;9;;;61;1;;;;;;;;;;;;;;;;;;;;;;;;;;;;;;;;;;;;;;;;;;;;;3,8;9;;;;;;;;;0;1;0;1
73296005;20230803;0,2;1;;;7,3;1;644;9;15,2;1;1430;9;10,7;1;11,25;1;;;;;0;9;7,9;1;11,3;1;;;;;;;;;;;;;;;;;;;;;;;;;;;;;;;;;36;1;1208;9;97;1;649;9;18;9;178;9;8,1;9;;;64;1;;;;;;;;;;;;;;;;;;;;;;;;;;;;;;;;;;;;;;;;;;;;;3,7;9;;;;;;;;;0;1;0;1
73296005;20230804;3,4;1;;;5,3;1;543;9;10,3;1;1023;9;6,8;1;7,80;1;;;;;0;9;5,0;1;7,8;1;;;;;;;;;;;;;;;;;;;;;;;;;;;;;;;;;56;1;1026;9;99;1;2128;9;0;9;794;9;8,1;9;;;82;1;;;;;;;;;;;;;;;;;;;;;;;;;;;;;;;;;;;;;;;;;;;;;2,0;9;;;;;;;;;0;1;0;1
73296005;20230805;0,3;1;;;3,8;1;442;9;11,9;1;1443;9;7,4;1;7,85;1;;;;;0;9;8,1;1;7,9;1;;;;;;;;;;;;;;;;;;;;;;;;;;;;;;;;;52;1;1516;9;99;1;229;9;0;9;543;9;7,6;9;;;75;1;;;;;;;;;;;;;;;;;;;;;;;;;;;;;;;;;;;;;;;;;;;;;2,3;9;;;;;;;;;0;1;0;1
73296005;20230806;0,4;1;;;3,9;1;405;9;7,8;1;1342;9;5,2;1;5,85;1;;;;;0;9;3,9;1;5,9;1;;;;;;;;;;;;;;;;;;;;;;;;;;;;;;;;;51;1;1310;9;94;1;2350;9;0;9;93;9;5,9;9;;;67;1;;;;;;;;;;;;;;;;;;;;;;;;;;;;;;;;;;;;;;;;;;;;;2,3;9;;;;;;;;;0;1;0;1
73296005;20230807;0,0;1;;;1,1;1;530;9;10,3;1;1519;9;5,6;1;5,70;1;;;;;0;9;9,2;1;5,7;1;;;;;;;;;;;;;;;;;;;;;;;;;;;;;;;;;36;1;1132;9;92;1;22;9;31;9;237;9;5,7;9;;;64;1;;;;;;;;;;;;;;;;;;;;;;;;;;;;;;;;;;;;;;;;;;;;;2,7;9;;;;;;;;;0;1;0;1
73296005;20230808;0,0;1;;;3,1;1;137;9;14,8;1;1610;9;9,2;1;8,95;1;;;;;0;9;11,7;1;9,0;1;;;;;;;;;;;;;;;;;;;;;;;;;;;;;;;;;19;1;1348;9;79;1;33;9;754;9;0;9;4,9;9;;;45;1;;;;;;;;;;;;;;;;;;;;;;;;;;;;;;;;;;;;;;;;;;;;;3,6;9;;;;;;;;;0;1;0;1
73296005;20230809;0,0;1;;;4,5;1;419;9;17,3;1;1212;9;10,8;1;10,90;1;;;;;0;9;12,8;1;10,9;1;;;;;;;;;;;;;;;;;;;;;;;;;;;;;;;;;38;1;1029;9;89;1;2345;9;63;9;195;9;8,2;9;;;64;1;;;;;;;;;;;;;;;;;;;;;;;;;;;;;;;;;;;;;;;;;;;;;3,1;9;;;;;;;;;0;1;0;1
73296005;20230810;0,0;1;;;7,0;1;122;9;20,2;1;1044;9;14,0;1;13,60;1;;;;;0;9;13,2;1;13,6;1;;;;;;;;;;;;;;;;;;;;;;;;;;;;;;;;;31;1;1358;9;90;1;114;9;387;9;282;9;8,4;9;;;56;1;;;;;;;;;;;;;;;;;;;;;;;;;;;;;;;;;;;;;;;;;;;;;3,8;9;;;;;;;;;0;1;0;1
73296005;20230811;0,0;1;;;8,4;1;514;9;21,9;1;1433;9;15,3;1;15,15;1;;;;;0;9;13,5;1;15,2;1;;;;;;;;;;;;;;;;;;;;;;;;;;;;;;;;;35;1;1124;9;83;1;156;9;388;9;55;9;9,7;9;;;58;1;;;;;;;;;;;;;;;;;;;;;;;;;;;;;;;;;;;;;;;;;;;;;4,0;9;;;;;;;;;0;1;0;1
73296005;20230812;2,7;1;;;10,2;1;434;9;20,7;1;1244;9;14,8;1;15,45;1;;;;;0;9;10,5;1;15,5;1;;;;;;;;;;;;;;;;;;;;;;;;;;;;;;;;;39;1;1351;9;86;1;254;9;11;9;210;9;10,8;9;;;66;1;;;;;;;;;;;;;;;;;;;;;;;;;;;;;;;;;;;;;;;;;;;;;3,5;9;;;;;;;;;0;1;0;1
73296005;20230813;3,8;1;;;11,1;1;2343;9;22,3;1;1413;9;16,0;1;16,70;1;;;;;0;9;11,2;1;16,7;1;;;;;;;;;;;;;;;;;;;;;;;;;;;;;;;;;34;1;1246;9;88;1;2113;9;280;9;209;9;10,1;9;;;58;1;;;;;;;;;;;;;;;;;;;;;;;;;;;;;;;;;;;;;;;;;;;;;4,2;9;;;;;;;;;0;1;0;1
73296005;20230814;2,2;1;;;11,0;1;413;9;22,5;1;1412;9;16,0;1;16,75;1;;;;;0;9;11,5;1;16,8;1;;;;;;;;;;;;;;;;;;;;;;;;;;;;;;;;;35;1;959;9;85;1;45;9;271;9;185;9;10,6;9;;;61;1;;;;;;;;;;;;;;;;;;;;;;;;;;;;;;;;;;;;;;;;;;;;;4,2;9;;;;;;;;;0;1;0;1
73296005;20230815;0,0;1;;;11,6;1;358;9;20,9;1;1307;9;15,4;1;16,25;1;;;;;0;9;9,3;1;16,3;1;;;;;;;;;;;;;;;;;;;;;;;;;;;;;;;;;41;1;1639;9;84;1;113;9;0;9;73;9;10,5;9;;;61;1;;;;;;;;;;;;;;;;;;;;;;;;;;;;;;;;;;;;;;;;;;;;;4,1;9;;;;;;;;;0;1;0;1
73296005;20230816;0,0;1;;;10,9;1;147;9;22,2;1;1024;9;16,2;1;16,55;1;;;;;0;9;11,3;1;16,6;1;;;;;;;;;;;;;;;;;;;;;;;;;;;;;;;;;27;1;942;9;79;1;2331;9;313;9;0;9;9,7;9;;;55;1;;;;;;;;;;;;;;;;;;;;;;;;;;;;;;;;;;;;;;;;;;;;;4,1;9;;;;;;;;;0;1;0;1
73296005;20230817;2,5;1;;;11,3;1;133;9;19,0;1;1703;9;14,4;1;15,15;1;;;;;0;9;7,7;1;15,2;1;;;;;;;;;;;;;;;;;;;;;;;;;;;;;;;;;35;1;1659;9;79;1;121;9;56;9;0;9;9,4;9;;;59;1;;;;;;;;;;;;;;;;;;;;;;;;;;;;;;;;;;;;;;;;;;;;;3,6;9;;;;;;;;;0;1;0;1
73296005;20230818;0,1;1;;;10,4;1;207;9;22,8;1;1446;9;16,1;1;16,60;1;;;;;0;9;12,4;1;16,6;1;;;;;;;;;;;;;;;;;;;;;;;;;;;;;;;;;26;1;1256;1;78;1;203;1;546;9;0;9;8,7;9;;;50;1;;;;;;;;;;;;;;;;;;;;;;;;;;;;;;;;;;;;;;;;;;;;;4,5;9;;;;;;;;;0;1;0;1
73296005;20230819;0,0;1;;;11,1;1;405;9;23,3;1;1311;9;17,1;1;17,20;1;;;;;0;9;12,2;1;17,2;1;;;;;;;;;;;;;;;;;;;;;;;;;;;;;;;;;29;1;1259;9;74;1;405;9;540;9;0;9;9,6;9;;;51;1;;;;;;;;;;;;;;;;;;;;;;;;;;;;;;;;;;;;;;;;;;;;;4,3;9;;;;;;;;;0;1;0;1
73296005;20230820;0,0;1;;;11,6;1;508;9;24,0;1;1259;9;17,5;1;17,80;1;;;;;0;9;12,4;1;17,8;1;;;;;;;;;;;;;;;;;;;;;;;;;;;;;;;;;31;1;1205;9;77;1;225;9;553;9;0;9;9,9;9;;;52;1;;;;;;;;;;;;;;;;;;;;;;;;;;;;;;;;;;;;;;;;;;;;;4,4;9;;;;;;;;;0;1;0;1
73296005;20230821;0,0;1;;;11,1;1;511;9;24,2;1;1439;9;17,6;1;17,65;1;;;;;0;9;13,1;1;17,7;1;;;;;;;;;;;;;;;;;;;;;;;;;;;;;;;;;31;1;1412;9;85;1;509;9;502;9;73;9;10,7;9;;;56;1;;;;;;;;;;;;;;;;;;;;;;;;;;;;;;;;;;;;;;;;;;;;;4,4;9;;;;;;;;;0;1;0;1
73296005;20230822;0,0;1;;;12,4;1;506;9;25,0;1;1248;9;18,3;1;18,70;1;;;;;0;9;12,6;1;18,7;1;;;;;;;;;;;;;;;;;;;;;;;;;;;;;;;;;33;1;1244;9;81;1;508;9;382;9;10;9;11,4;9;;;57;1;;;;;;;;;;;;;;;;;;;;;;;;;;;;;;;;;;;;;;;;;;;;;4,5;9;;;;;;;;;0;1;0;1
73296005;20230823;0,2;1;;;12,3;1;442;9;26,3;1;1445;9;18,6;1;19,30;1;;;;;0;9;14,0;1;19,3;1;;;;;;;;;;;;;;;;;;;;;;;;;;;;;;;;;22;1;1508;9;83;1;312;9;526;9;62;9;10,3;9;;;52;1;;;;;;;;;;;;;;;;;;;;;;;;;;;;;;;;;;;;;;;;;;;;;5,1;9;;;;;;;;;0;1;0;1
73296005;20230824;0,7;1;;;14,0;1;137;9;24,6;1;1116;9;18,4;1;19,30;1;;;;;0;9;10,6;1;19,3;1;;;;;;;;;;;;;;;;;;;;;;;;;;;;;;;;;25;1;1111;9;74;1;2044;9;449;9;0;9;10,6;9;;;52;1;;;;;;;;;;;;;;;;;;;;;;;;;;;;;;;;;;;;;;;;;;;;;4,8;9;;;;;;;;;0;1;0;1
73296005;20230825;15,0;1;;;12,9;1;604;9;23,8;1;1411;9;17,3;1;18,35;1;;;;;0;9;10,9;1;18,4;1;;;;;;;;;;;;;;;;;;;;;;;;;;;;;;;;;29;1;1422;9;91;1;2224;9;282;9;68;9;10,6;9;;;56;1;;;;;;;;;;;;;;;;;;;;;;;;;;;;;;;;;;;;;;;;;;;;;4,5;9;;;;;;;;;0;1;0;1
73296005;20230826;19,7;1;;;9,7;1;1243;9;18,4;1;805;9;12,6;1;14,05;1;;;;;0;9;8,7;1;14,1;1;;;;;;;;;;;;;;;;;;;;;;;;;;;;;;;;;32;1;809;9;94;1;1145;9;70;9;245;9;9,8;9;;;68;1;;;;;;;;;;;;;;;;;;;;;;;;;;;;;;;;;;;;;;;;;;;;;2,3;9;;;;;;;;;0;1;0;1
73296005;20230827;43,7;1;;;5,6;1;416;9;12,4;1;1213;9;7,7;1;9,00;1;;;;;0;9;6,8;1;9,0;1;;;;;;;;;;;;;;;;;;;;;;;;;;;;;;;;;58;1;1212;9;100;1;2138;9;0;9;1080;9;9,2;9;;;89;1;;;;;;;;;;;;;;;;;;;;;;;;;;;;;;;;;;;;;;;;;;;;;1,2;9;;;;;;;;;0;1;0;1
73296005;20230828;10,9;1;;;0,6;1;730;9;4,8;1;1254;9;3,1;1;2,70;1;;;;;0;9;4,2;1;2,7;1;;;;;;;;;;;;;;;;;;;;;;;;;;;;;;;;;77;1;312;9;100;1;1;9;0;9;1420;9;7,2;9;;;94;1;;;;;;;;;;;;;;;;;;;;;;;;;;;;;;;;;;;;;;;;;;;;;0,4;9;;;;;;;;;0;1;0;1
73296005;20230829;0,2;1;;;1,3;1;438;9;5,6;1;1233;9;3,4;1;3,45;1;;;;;0;9;4,3;1;3,5;1;;;;;;;;;;;;;;;;;;;;;;;;;;;;;;;;;73;1;1228;9;100;1;407;9;0;9;1411;9;7,1;9;;;91;1;;;;;;;;;;;;;;;;;;;;;;;;;;;;;;;;;;;;;;;;;;;;;0,7;9;;;;;;;;;0;1;0;1
73296005;20230830;0,0;1;;;3,1;1;231;9;9,8;1;1307;9;5,4;1;6,45;1;;;;;0;9;6,7;1;6,5;1;;;;;;;;;;;;;;;;;;;;;;;;;;;;;;;;;57;1;1555;9;98;1;26;9;0;9;946;9;7,4;9;;;84;1;;;;;;;;;;;;;;;;;;;;;;;;;;;;;;;;;;;;;;;;;;;;;1,5;9;;;;;;;;;0;1;0;1
73296005;20230831;0,3;1;;;3,2;1;445;9;13,1;1;1202;9;8,3;1;8,15;1;;;;;0;9;9,9;1;8,2;1;;;;;;;;;;;;;;;;;;;;;;;;;;;;;;;;;29;1;1225;9;97;1;1;9;126;9;333;9;6,8;9;;;64;1;;;;;;;;;;;;;;;;;;;;;;;;;;;;;;;;;;;;;;;;;;;;;2,2;9;;;;;;;;;0;1;0;1
73296005;20230901;0,0;1;;;6,3;1;2351;9;17,6;1;1422;9;11,3;1;11,95;1;;;;;0;9;11,3;1;12,0;1;;;;;;;;;;;;;;;;;;;;;;;;;;;;;;;;;33;1;1343;9;85;1;2026;9;252;9;451;9;8,3;9;;;65;1;;;;;;;;;;;;;;;;;;;;;;;;;;;;;;;;;;;;;;;;;;;;;2,8;9;;;;;;;;;0;1;0;1
73296005;20230902;0,0;1;;;7,0;1;440;9;18,0;1;1344;9;11,9;1;12,50;1;;;;;0;9;11,0;1;12,5;1;;;;;;;;;;;;;;;;;;;;;;;;;;;;;;;;;38;1;1211;9;87;1;2222;9;106;9;587;9;9,0;9;;;67;1;;;;;;;;;;;;;;;;;;;;;;;;;;;;;;;;;;;;;;;;;;;;;2,7;9;;;;;;;;;0;1;0;1
73296005;20230903;0,0;1;;;8,1;1;502;9;19,6;1;1144;9;13,4;1;13,85;1;;;;;0;9;11,5;1;13,9;1;;;;;;;;;;;;;;;;;;;;;;;;;;;;;;;;;26;1;1118;9;87;1;10;9;252;9;129;9;9,2;9;;;62;1;;;;;;;;;;;;;;;;;;;;;;;;;;;;;;;;;;;;;;;;;;;;;2,9;9;;;;;;;;;0;1;0;1
73296005;20230904;0,0;1;;;10,5;1;428;9;22,4;1;1434;9;15,6;1;16,45;1;;;;;0;9;11,9;1;16,5;1;;;;;;;;;;;;;;;;;;;;;;;;;;;;;;;;;25;1;1232;9;74;1;1;9;498;9;0;9;8,2;9;;;48;1;;;;;;;;;;;;;;;;;;;;;;;;;;;;;;;;;;;;;;;;;;;;;4,0;9;;;;;;;;;0;1;0;1
73296005;20230905;0,0;1;;;9,1;1;530;9;22,0;1;1442;9;15,2;1;15,55;1;;;;;0;9;12,9;1;15,6;1;;;;;;;;;;;;;;;;;;;;;;;;;;;;;;;;;38;1;1139;9;88;1;2243;9;174;9;292;9;10,2;9;;;61;1;;;;;;;;;;;;;;;;;;;;;;;;;;;;;;;;;;;;;;;;;;;;;3,4;9;;;;;;;;;0;1;0;1
73296005;20230906;0,0;1;;;8,9;1;250;9;22,3;1;1546;9;14,5;1;15,60;1;;;;;0;9;13,4;1;15,6;1;;;;;;;;;;;;;;;;;;;;;;;;;;;;;;;;;9;1;1641;9;95;1;301;9;442;9;460;9;8,9;9;;;56;1;;;;;;;;;;;;;;;;;;;;;;;;;;;;;;;;;;;;;;;;;;;;;3,7;9;;;;;;;;;0;1;0;1
73296005;20230907;0,0;1;;;10,0;1;42;9;20,6;1;1315;9;14,6;1;15,30;1;;;;;0;9;10,6;1;15,3;1;;;;;;;;;;;;;;;;;;;;;;;;;;;;;;;;;15;1;931;9;90;1;2019;9;926;9;168;9;7,0;9;;;44;1;;;;;;;;;;;;;;;;;;;;;;;;;;;;;;;;;;;;;;;;;;;;;3,9;9;;;;;;;;;0;1;0;1
73296005;20230908;0,0;1;;;8,7;1;427;9;20,3;1;1426;9;14,3;1;14,50;1;;;;;0;9;11,6;1;14,5;1;;;;;;;;;;;;;;;;;;;;;;;;;;;;;;;;;32;1;820;9;93;1;2059;9;310;9;312;9;9,3;9;;;58;1;;;;;;;;;;;;;;;;;;;;;;;;;;;;;;;;;;;;;;;;;;;;;3,3;9;;;;;;;;;0;1;0;1
73296005;20230909;0,0;1;;;9,1;1;414;9;20,8;1;1416;9;14,5;1;14,95;1;;;;;0;9;11,7;1;15,0;1;;;;;;;;;;;;;;;;;;;;;;;;;;;;;;;;;27;1;1124;9;92;1;2356;9;427;9;310;9;9,3;9;;;60;1;;;;;;;;;;;;;;;;;;;;;;;;;;;;;;;;;;;;;;;;;;;;;3,1;9;;;;;;;;;0;1;0;1
73296005;20230910;0,0;1;;;8,9;1;712;9;20,6;1;1403;9;14,4;1;14,75;1;;;;;0;9;11,7;1;14,8;1;;;;;;;;;;;;;;;;;;;;;;;;;;;;;;;;;33;1;1148;9;92;1;5;9;320;9;372;9;9,8;9;;;62;1;;;;;;;;;;;;;;;;;;;;;;;;;;;;;;;;;;;;;;;;;;;;;3,0;9;;;;;;;;;0;1;0;1
73296005;20230911;0,0;1;;;9,4;1;641;9;20,6;1;1324;9;14,2;1;15,00;1;;;;;0;9;11,2;1;15,0;1;;;;;;;;;;;;;;;;;;;;;;;;;;;;;;;;;23;1;1419;9;85;1;716;9;258;9;80;9;8,9;9;;;57;1;;;;;;;;;;;;;;;;;;;;;;;;;;;;;;;;;;;;;;;;;;;;;3,2;9;;;;;;;;;0;1;0;1
73296005;20230912;2,0;1;;;10,2;1;253;9;18,8;1;1014;9;13,4;1;14,50;1;;;;;0;9;8,6;1;14,5;1;;;;;;;;;;;;;;;;;;;;;;;;;;;;;;;;;38;1;1015;9;85;1;2008;9;15;9;187;9;9,4;9;;;63;1;;;;;;;;;;;;;;;;;;;;;;;;;;;;;;;;;;;;;;;;;;;;;2,9;9;;;;;;;;;0;1;0;1
73296005;20230913;6,8;1;;;8,7;1;1206;9;12,1;1;946;9;9,4;1;10,40;1;;;;;0;9;3,4;1;10,4;1;;;;;;;;;;;;;;;;;;;;;;;;;;;;;;;;;74;1;934;9;98;1;1034;9;0;9;1376;9;10,7;9;;;91;1;;;;;;;;;;;;;;;;;;;;;;;;;;;;;;;;;;;;;;;;;;;;;0,8;9;;;;;;;;;0;1;0;1
73296005;20230914;11,4;1;;;7,3;1;638;9;13,4;1;1118;9;9,8;1;10,35;1;;;;;0;9;6,1;1;10,4;1;;;;;;;;;;;;;;;;;;;;;;;;;;;;;;;;;59;1;858;9;99;1;32;9;0;9;998;9;10,2;9;;;84;1;;;;;;;;;;;;;;;;;;;;;;;;;;;;;;;;;;;;;;;;;;;;;1,5;9;;;;;;;;;0;1;0;1
73296005;20230915;0,2;1;;;7,6;1;2332;9;16,7;1;1353;9;11,2;1;12,15;1;;;;;0;9;9,1;1;12,2;1;;;;;;;;;;;;;;;;;;;;;;;;;;;;;;;;;37;1;1154;9;85;1;142;9;95;9;346;9;8,4;9;;;65;1;;;;;;;;;;;;;;;;;;;;;;;;;;;;;;;;;;;;;;;;;;;;;2,5;9;;;;;;;;;0;1;0;1
73296005;20230916;2,2;1;;;8,1;1;2232;9;14,2;1;918;9;10,9;1;11,15;1;;;;;0;9;6,1;1;11,2;1;;;;;;;;;;;;;;;;;;;;;;;;;;;;;;;;;55;1;817;9;83;1;2239;9;0;9;57;9;8,9;9;;;69;1;;;;;;;;;;;;;;;;;;;;;;;;;;;;;;;;;;;;;;;;;;;;;1,8;9;;;;;;;;;0;1;0;1
73296005;20230917;0,5;1;;;7,7;1;247;9;18,2;1;1436;9;14,0;1;12,95;1;;;;;0;9;10,5;1;13,0;1;;;;;;;;;;;;;;;;;;;;;;;;;;;;;;;;;37;1;1100;9;83;1;16;9;11;9;23;9;8,5;9;;;54;1;;;;;;;;;;;;;;;;;;;;;;;;;;;;;;;;;;;;;;;;;;;;;3,0;9;;;;;;;;;0;1;0;1
73296005;20230918;15,9;1;;;7,5;1;1602;9;14,2;1;936;9;10,8;1;10,85;1;;;;;0;9;6,7;1;10,9;1;;;;;;;;;;;;;;;;;;;;;;;;;;;;;;;;;52;1;22;9;96;1;1323;9;0;9;491;9;9,3;9;;;73;1;;;;;;;;;;;;;;;;;;;;;;;;;;;;;;;;;;;;;;;;;;;;;1,3;9;;;;;;;;;0;1;0;1
73296005;20230919;0,0;1;;;6,3;1;431;9;13,3;1;1330;9;9,0;1;9,80;1;;;;;0;9;7,0;1;9,8;1;;;;;;;;;;;;;;;;;;;;;;;;;;;;;;;;;51;1;1431;9;99;1;425;9;0;9;794;9;8,9;9;;;79;1;;;;;;;;;;;;;;;;;;;;;;;;;;;;;;;;;;;;;;;;;;;;;1,8;9;;;;;;;;;0;1;0;1
73296005;20230920;0,4;1;;;6,4;1;2220;9;14,3;1;1059;9;10,5;1;10,35;1;;;;;0;9;7,9;1;10,4;1;;;;;;;;;;;;;;;;;;;;;;;;;;;;;;;;;44;1;1227;9;82;1;38;9;0;9;42;9;8,1;9;;;65;1;;;;;;;;;;;;;;;;;;;;;;;;;;;;;;;;;;;;;;;;;;;;;2,1;9;;;;;;;;;0;1;0;1
73296005;20230921;3,5;1;;;8,6;1;554;9;14,4;1;1220;9;10,8;1;11,50;1;;;;;0;9;5,8;1;11,5;1;;;;;;;;;;;;;;;;;;;;;;;;;;;;;;;;;47;1;1403;9;97;1;2158;9;0;9;165;9;8,1;9;;;63;1;;;;;;;;;;;;;;;;;;;;;;;;;;;;;;;;;;;;;;;;;;;;;2,3;9;;;;;;;;;0;1;0;1
73296005;20230922;7,7;1;;;3,2;1;558;9;10,2;1;1230;9;5,2;1;6,70;1;;;;;0;9;7,0;1;6,7;1;;;;;;;;;;;;;;;;;;;;;;;;;;;;;;;;;50;1;1305;9;100;1;2338;9;0;9;952;9;7,2;9;;;83;1;;;;;;;;;;;;;;;;;;;;;;;;;;;;;;;;;;;;;;;;;;;;;1,6;9;;;;;;;;;0;1;0;1
73296005;20230923;0,1;1;;;0,2;1;632;9;5,5;1;1359;9;2,3;1;2,85;1;;;;;0;9;5,3;1;2,9;1;;;;;;;;;;;;;;;;;;;;;;;;;;;;;;;;;70;1;1358;9;100;1;1;9;0;9;1151;9;6,2;9;;;86;1;;;;;;;;;;;;;;;;;;;;;;;;;;;;;;;;;;;;;;;;;;;;;1,1;9;;;;;;;;;0;1;0;1
73296005;20230924;0,0;1;;;-0,5;1;439;9;13,2;1;1424;9;5,8;1;6,35;1;;;;;220;9;13,7;1;6,4;1;;;;;;;;;;;;;;;;;;;;;;;;;;;;;;;;;23;1;1250;9;88;1;257;9;388;9;306;9;4,8;9;;;55;1;;;;;;;;;;;;;;;;;;;;;;;;;;;;;;;;;;;;;;;;;;;;;2,2;9;;;;;;;;;0;1;0;1
73296005;20230925;0,0;1;;;4,1;1;206;9;15,5;1;1425;9;9,2;1;9,80;1;;;;;0;9;11,4;1;9,8;1;;;;;;;;;;;;;;;;;;;;;;;;;;;;;;;;;13;1;1021;9;63;1;111;9;507;9;0;9;4,4;9;;;40;1;;;;;;;;;;;;;;;;;;;;;;;;;;;;;;;;;;;;;;;;;;;;;3,1;9;;;;;;;;;0;1;0;1
73296005;20230926;0,0;1;;;6,3;1;356;9;16,4;1;1250;9;10,5;1;11,35;1;;;;;0;9;10,1;1;11,4;1;;;;;;;;;;;;;;;;;;;;;;;;;;;;;;;;;22;1;907;9;74;1;1734;9;493;9;0;9;5,4;9;;;45;1;;;;;;;;;;;;;;;;;;;;;;;;;;;;;;;;;;;;;;;;;;;;;3,0;9;;;;;;;;;0;1;0;1
73296005;20230927;0,0;1;;;5,5;1;438;9;17,5;1;1150;9;11,0;1;11,50;1;;;;;0;9;12,0;1;11,5;1;;;;;;;;;;;;;;;;;;;;;;;;;;;;;;;;;29;1;1050;9;81;1;2256;9;404;9;10;9;7,1;9;;;56;1;;;;;;;;;;;;;;;;;;;;;;;;;;;;;;;;;;;;;;;;;;;;;2,7;9;;;;;;;;;0;1;0;1
73296005;20230928;0,0;1;;;6,6;1;349;9;16,5;1;1253;9;11,0;1;11,55;1;;;;;0;9;9,9;1;11,6;1;;;;;;;;;;;;;;;;;;;;;;;;;;;;;;;;;35;1;1232;9;84;1;354;9;177;9;32;9;7,9;9;;;63;1;;;;;;;;;;;;;;;;;;;;;;;;;;;;;;;;;;;;;;;;;;;;;2,2;9;;;;;;;;;0;1;0;1
73296005;20230929;0,0;1;;;5,8;1;623;9;17,2;1;1312;9;10,8;1;11,50;1;;;;;0;9;11,4;1;11,5;1;;;;;;;;;;;;;;;;;;;;;;;;;;;;;;;;;39;1;1351;9;91;1;2224;9;6;9;270;9;8,5;9;;;67;1;;;;;;;;;;;;;;;;;;;;;;;;;;;;;;;;;;;;;;;;;;;;;2,2;9;;;;;;;;;0;1;0;1
73296005;20230930;0,0;1;;;5,9;1;355;9;15,4;1;1304;9;9,7;1;10,65;1;;;;;0;9;9,5;1;10,7;1;;;;;;;;;;;;;;;;;;;;;;;;;;;;;;;;;45;1;2321;9;93;1;351;9;0;9;553;9;8,4;9;;;71;1;;;;;;;;;;;;;;;;;;;;;;;;;;;;;;;;;;;;;;;;;;;;;2,1;9;;;;;;;;;0;1;0;1
73296005;20231001;0,0;1;;;6,5;1;2356;9;19,5;1;1425;9;12,1;1;13,00;1;;;;;0;9;13,0;1;13,0;1;;;;;;;;;;;;;;;;;;;;;;;;;;;;;;;;;26;1;930;9;74;1;1739;9;550;9;0;9;6,3;9;;;46;1;;;;;;;;;;;;;;;;;;;;;;;;;;;;;;;;;;;;;;;;;;;;;3,1;9;;;;;;;;;0;1;0;1
73296005;20231002;0,0;1;;;7,1;1;535;9;20,0;1;1328;9;12,8;1;13,55;1;;;;;0;9;12,9;1;13,6;1;;;;;;;;;;;;;;;;;;;;;;;;;;;;;;;;;19;1;1002;9;75;1;1922;9;531;9;0;9;6,7;9;;;48;1;;;;;;;;;;;;;;;;;;;;;;;;;;;;;;;;;;;;;;;;;;;;;3,3;9;;;;;;;;;0;1;0;1
73296005;20231003;2,5;1;;;6,8;1;357;9;17,8;1;1205;9;11,4;1;12,30;1;;;;;0;9;11,0;1;12,3;1;;;;;;;;;;;;;;;;;;;;;;;;;;;;;;;;;31;1;956;9;96;1;2107;9;322;9;293;9;8,3;9;;;64;1;;;;;;;;;;;;;;;;;;;;;;;;;;;;;;;;;;;;;;;;;;;;;2,6;9;;;;;;;;;0;1;0;1
73296005;20231004;0,0;1;;;4,9;1;507;9;14,0;1;1128;9;8,3;1;9,45;1;;;;;0;9;9,1;1;9,5;1;;;;;;;;;;;;;;;;;;;;;;;;;;;;;;;;;35;1;1309;9;95;1;37;9;29;9;699;9;7,7;9;;;71;1;;;;;;;;;;;;;;;;;;;;;;;;;;;;;;;;;;;;;;;;;;;;;1,9;9;;;;;;;;;0;1;0;1
73296005;20231005;0,0;1;;;4,6;1;235;9;14,6;1;915;9;8,8;1;9,60;1;;;;;0;9;10,0;1;9,6;1;;;;;;;;;;;;;;;;;;;;;;;;;;;;;;;;;14;1;959;9;74;1;1803;9;464;9;0;9;5,0;9;;;46;1;;;;;;;;;;;;;;;;;;;;;;;;;;;;;;;;;;;;;;;;;;;;;2,6;9;;;;;;;;;0;1;0;1
73296005;20231006;0,0;1;;;5,6;1;422;9;17,9;1;1353;9;10,1;1;11,75;1;;;;;0;9;12,3;1;11,8;1;;;;;;;;;;;;;;;;;;;;;;;;;;;;;;;;;12;1;921;9;70;1;2020;9;747;9;0;9;4,7;9;;;40;1;;;;;;;;;;;;;;;;;;;;;;;;;;;;;;;;;;;;;;;;;;;;;3,1;9;;;;;;;;;0;1;0;1
73296005;20231007;0,0;1;;;4,8;1;607;9;17,3;1;1253;9;10,3;1;11,05;1;;;;;0;9;12,5;1;11,1;1;;;;;;;;;;;;;;;;;;;;;;;;;;;;;;;;;12;1;1145;9;69;1;736;9;533;9;0;9;4,6;9;;;39;1;;;;;;;;;;;;;;;;;;;;;;;;;;;;;;;;;;;;;;;;;;;;;3,1;9;;;;;;;;;0;1;0;1
73296005;20231008;0,0;1;;;7,8;1;231;9;19,6;1;1323;9;12,1;1;13,70;1;;;;;0;9;11,8;1;13,7;1;;;;;;;;;;;;;;;;;;;;;;;;;;;;;;;;;21;1;1205;9;70;1;1749;9;409;9;0;9;6,3;9;;;46;1;;;;;;;;;;;;;;;;;;;;;;;;;;;;;;;;;;;;;;;;;;;;;3,1;9;;;;;;;;;0;1;0;1
73296005;20231009;0,0;1;;;6,4;1;541;9;17,2;1;1247;9;11,3;1;11,80;1;;;;;0;9;10,8;1;11,8;1;;;;;;;;;;;;;;;;;;;;;;;;;;;;;;;;;27;1;1245;9;78;1;615;9;509;9;0;9;6,3;9;;;49;1;;;;;;;;;;;;;;;;;;;;;;;;;;;;;;;;;;;;;;;;;;;;;2,9;9;;;;;;;;;0;1;0;1
73296005;20231010;0,0;1;;;6,2;1;718;9;17,2;1;1426;9;10,5;1;11,70;1;;;;;0;9;11,0;1;11,7;1;;;;;;;;;;;;;;;;;;;;;;;;;;;;;;;;;26;1;946;9;74;1;2346;9;438;9;0;9;6,0;9;;;49;1;;;;;;;;;;;;;;;;;;;;;;;;;;;;;;;;;;;;;;;;;;;;;2,6;9;;;;;;;;;0;1;0;1
73296005;20231011;0,4;1;;;4,8;1;511;9;17,1;1;1303;9;10,0;1;10,95;1;;;;;;;12,3;1;11,0;1;;;;;;;;;;;;;;;;;;;;;;;;;;;;;;;;;17;1;1116;9;73;1;432;9;480;9;0;9;5,4;9;;;46;1;;;;;;;;;;;;;;;;;;;;;;;;;;;;;;;;;;;;;;;;;;;;;2,7;9;;;;;;;;;0;1;0;1
73296005;20231012;0,0;1;;;4,4;1;527;9;15,5;1;1253;9;9,0;1;9,95;1;;;;;0;9;11,1;1;10,0;1;;;;;;;;;;;;;;;;;;;;;;;;;;;;;;;;;23;1;1400;9;72;1;510;9;428;9;0;9;5,3;9;;;48;1;;;;;;;;;;;;;;;;;;;;;;;;;;;;;;;;;;;;;;;;;;;;;2,4;9;;;;;;;;;0;1;0;1
73296005;20231013;0,0;1;;;4,0;1;739;9;16,1;1;1345;9;8,8;1;10,05;1;;;;;0;9;12,1;1;10,1;1;;;;;;;;;;;;;;;;;;;;;;;;;;;;;;;;;17;1;1242;9;65;1;2254;9;464;9;0;9;4,6;9;;;43;1;;;;;;;;;;;;;;;;;;;;;;;;;;;;;;;;;;;;;;;;;;;;;2,7;9;;;;;;;;;0;1;0;1
73296005;20231014;8,9;1;;;5,7;1;2257;9;8,7;1;1007;9;7,4;1;7,20;1;;;;;0;9;3,0;1;7,2;1;;;;;;;;;;;;;;;;;;;;;;;;;;;;;;;;;43;1;200;9;98;1;2334;9;0;9;609;9;7,6;9;;;75;1;;;;;;;;;;;;;;;;;;;;;;;;;;;;;;;;;;;;;;;;;;;;;0,9;9;;;;;;;;;0;1;0;1
73296005;20231015;0,0;1;;;0,5;1;540;9;5,8;1;1351;9;2,9;1;3,15;1;;;;;0;9;5,3;1;3,2;1;;;;;;;;;;;;;;;;;;;;;;;;;;;;;;;;;38;1;2335;9;98;1;1;9;5;9;560;9;5,6;9;;;75;1;;;;;;;;;;;;;;;;;;;;;;;;;;;;;;;;;;;;;;;;;;;;;1,3;9;;;;;;;;;0;1;0;1
73296005;20231016;0,0;1;;;1,5;1;1935;9;8,8;1;1138;9;4,8;1;5,15;1;;;;;0;9;7,3;1;5,2;1;;;;;;;;;;;;;;;;;;;;;;;;;;;;;;;;;19;1;941;9;78;1;2255;9;575;9;0;9;4,0;9;;;48;1;;;;;;;;;;;;;;;;;;;;;;;;;;;;;;;;;;;;;;;;;;;;;1,7;9;;;;;;;;;0;1;0;1
73296005;20231017;0,0;1;;;0,9;1;135;9;11,1;1;1250;9;6,2;1;6,00;1;;;;;0;9;10,2;1;6,0;1;;;;;;;;;;;;;;;;;;;;;;;;;;;;;;;;;44;1;856;9;81;1;2242;9;0;9;12;9;6,0;9;;;64;1;;;;;;;;;;;;;;;;;;;;;;;;;;;;;;;;;;;;;;;;;;;;;1,4;9;;;;;;;;;0;1;0;1
73296005;20231018;0,0;1;;;5,2;1;314;9;14,0;1;927;9;9,9;1;9,60;1;;;;;0;9;8,8;1;9,6;1;;;;;;;;;;;;;;;;;;;;;;;;;;;;;;;;;44;1;1418;9;82;1;16;9;0;9;34;9;7,2;9;;;60;1;;;;;;;;;;;;;;;;;;;;;;;;;;;;;;;;;;;;;;;;;;;;;2,0;9;;;;;;;;;0;1;0;1
73296005;20231019;10,4;1;;;9,5;1;1641;9;12,6;1;1055;9;10,7;1;11,05;1;;;;;0;9;3,1;1;11,1;1;;;;;;;;;;;;;;;;;;;;;;;;;;;;;;;;;43;1;1058;9;69;1;2215;9;0;9;0;9;7,3;9;;;56;1;;;;;;;;;;;;;;;;;;;;;;;;;;;;;;;;;;;;;;;;;;;;;2,2;9;;;;;;;;;0;1;0;1
73296005;20231020;20,6;1;;;3,3;1;1311;9;7,8;1;601;9;5,7;1;5,55;1;;;;;0;9;4,5;1;5,6;1;;;;;;;;;;;;;;;;;;;;;;;;;;;;;;;;;62;1;1;9;100;1;1140;9;0;9;967;9;7,7;9;;;85;1;;;;;;;;;;;;;;;;;;;;;;;;;;;;;;;;;;;;;;;;;;;;;0,7;9;;;;;;;;;0;1;0;1
73296005;20231021;6,5;1;;;0,4;1;1722;9;5,2;1;1248;9;2,3;1;2,80;1;;;;;111;9;4,8;1;2,8;1;;;;;;;;;;;;;;;;;;;;;;;;;;;;;;;;;68;1;1302;9;99;1;152;9;0;9;1386;9;6,6;9;;;91;1;;;;;;;;;;;;;;;;;;;;;;;;;;;;;;;;;;;;;;;;;;;;;0,5;9;;;;;;;;;3;1;0;1
73296005;20231022;0,0;1;;;-1,3;1;518;9;7,4;1;1112;9;3,1;1;3,05;1;;;;;398;9;8,7;1;3,1;1;;;;;;;;;;;;;;;;;;;;;;;;;;;;;;;;;39;1;1116;9;89;1;9;9;7;9;216;9;4,6;9;;;62;1;;;;;;;;;;;;;;;;;;;;;;;;;;;;;;;;;;;;;;;;;;;;;1,2;9;;;;;;;;;2;1;2;1
73296005;20231023;9,2;1;;;2,2;1;1824;9;10,7;1;2119;9;8,4;1;6,45;1;;;;;0;9;8,5;1;6,5;1;;;;;;;;;;;;;;;;;;;;;;;;;;;;;;;;;36;1;202;9;68;1;917;9;64;9;0;9;5,8;9;;;52;1;;;;;;;;;;;;;;;;;;;;;;;;;;;;;;;;;;;;;;;;;;;;;2,0;9;;;;;;;;;0;1;0;1
73296005;20231024;12,4;1;;;1,6;1;1655;9;6,8;1;1040;9;3,7;1;4,20;1;;;;;7;9;5,2;1;4,2;1;;;;;;;;;;;;;;;;;;;;;;;;;;;;;;;;;52;1;9;9;98;1;1713;9;0;9;1252;9;7,1;9;;;89;1;;;;;;;;;;;;;;;;;;;;;;;;;;;;;;;;;;;;;;;;;;;;;0,4;9;;;;;;;;;0;1;0;1
73296005;20231025;25,7;1;;;-0,5;1;45;9;7,7;1;1026;9;2,6;1;3,60;1;;;;;135;9;8,2;1;3,6;1;;;;;;;;;;;;;;;;;;;;;;;;;;;;;;;;;58;1;1011;9;99;1;1425;9;0;9;965;9;6,1;9;;;83;1;;;;;;;;;;;;;;;;;;;;;;;;;;;;;;;;;;;;;;;;;;;;;0,7;9;;;;;;;;;0;1;0;1
73296005;20231026;32,9;1;;;1,2;1;2244;9;6,8;1;657;9;3,9;1;4,00;1;;;;;0;9;5,6;1;4,0;1;;;;;;;;;;;;;;;;;;;;;;;;;;;;;;;;;55;1;857;9;100;1;206;9;0;9;1160;9;7,1;9;;;88;1;;;;;;;;;;;;;;;;;;;;;;;;;;;;;;;;;;;;;;;;;;;;;0,4;9;;;;;;;;;0;1;0;1
73296005;20231027;1,7;1;;;0,4;1;404;9;5,5;1;1344;9;1,8;1;2,95;1;;;;;80;9;5,1;1;3,0;1;;;;;;;;;;;;;;;;;;;;;;;;;;;;;;;;;54;1;1412;9;99;1;415;9;0;9;869;9;5,6;9;;;81;1;;;;;;;;;;;;;;;;;;;;;;;;;;;;;;;;;;;;;;;;;;;;;0,8;9;;;;;;;;;0;1;0;1
73296005;20231028;0,0;1;;;-1,3;1;648;9;6,1;1;541;9;2,5;1;2,40;1;;;;;345;9;7,4;1;2,4;1;;;;;;;;;;;;;;;;;;;;;;;;;;;;;;;;;45;1;1311;9;99;1;515;9;0;9;339;9;4,9;9;;;68;1;;;;;;;;;;;;;;;;;;;;;;;;;;;;;;;;;;;;;;;;;;;;;1,1;9;;;;;;;;;0;1;0;1
73296005;20231029;0,0;1;;;2,4;1;48;9;8,6;1;1146;9;6,7;1;5,50;1;;;;;0;9;6,2;1;5,5;1;;;;;;;;;;;;;;;;;;;;;;;;;;;;;;;;;31;1;2342;9;65;1;348;9;220;9;0;9;4,7;9;;;48;1;;;;;;;;;;;;;;;;;;;;;;;;;;;;;;;;;;;;;;;;;;;;;2,2;9;;;;;;;;;0;1;0;1
73296005;20231030;23,7;1;;;3,5;1;1731;9;8,2;1;613;9;5,2;1;5,85;1;;;;;;;4,7;1;5,9;1;;;;;;;;;;;;;;;;;;;;;;;;;;;;;;;;;29;1;143;9;97;1;1836;9;;;;;6,0;9;;;70;1;;;;;;;;;;;;;;;;;;;;;;;;;;;;;;;;;;;;;;;;;;;;;1,8;9;;;;;;;;;2;1;0;1
73296005;20231031;7,5;1;;;-1,0;1;558;9;5,1;1;600;9;-0,4;1;2,05;1;;;;;919;9;6,1;1;2,1;1;;;;;;;;;;;;;;;;;;;;;;;;;;;;;;;;;51;1;2349;9;99;1;1541;9;0;9;1039;9;5,1;9;;;85;1;;;;;;;;;;;;;;;;;;;;;;;;;;;;;;;;;;;;;;;;;;;;;0,8;9;;;;;;;;;7;1;3;1
73296005;20231101;2,7;1;;;-2,8;1;2059;9;6,3;1;653;9;2,5;1;1,75;1;;;;;287;9;9,1;1;1,8;1;;;;;;;;;;;;;;;;;;;;;;;;;;;;;;;;;22;1;650;9;97;1;1825;9;549;9;296;9;3,8;9;;;54;1;;;;;;;;;;;;;;;;;;;;;;;;;;;;;;;;;;;;;;;;;;;;;1,4;9;;;;;;;;;7;1;4;1
73296005;20231102;21,6;1;;;-0,9;1;1813;9;5,9;1;831;9;1,0;1;2,50;1;;;;;618;9;6,8;1;2,5;1;;;;;;;;;;;;;;;;;;;;;;;;;;;;;;;;;52;1;122;9;99;1;1050;9;0;9;686;9;5,2;9;;;79;1;;;;;;;;;;;;;;;;;;;;;;;;;;;;;;;;;;;;;;;;;;;;;0,7;9;;;;;;;;;15;1;6;1
73296005;20231103;3,0;1;;;-4,5;1;1708;9;-0,1;1;1122;9;-3,3;1;-2,30;1;;;;;1440;9;4,4;1;-2,3;1;;;;;;;;;;;;;;;;;;;;;;;;;;;;;;;;;63;1;1123;9;98;1;2144;9;0;9;829;9;4,0;9;;;85;1;;;;;;;;;;;;;;;;;;;;;;;;;;;;;;;;;;;;;;;;;;;;;0,5;9;;;;;;;;;34;1;32;1
73296005;20231104;15,2;1;;;-7,9;1;258;9;4,5;1;2035;9;-1,6;1;-1,70;1;;;;;935;9;12,4;1;-1,7;1;;;;;;;;;;;;;;;;;;;;;;;;;;;;;;;;;48;1;809;9;100;1;1940;9;0;9;887;9;4,6;9;;;82;1;;;;;;;;;;;;;;;;;;;;;;;;;;;;;;;;;;;;;;;;;;;;;0,4;9;;;;;;;;;36;1;32;1
73296005;20231105;6,3;1;;;-1,5;1;35;9;1,2;1;902;9;-0,4;1;-0,15;1;;;;;720;9;2,7;1;-0,2;1;;;;;;;;;;;;;;;;;;;;;;;;;;;;;;;;;65;1;1839;9;99;1;1523;9;0;9;761;9;4,8;9;;;81;1;;;;;;;;;;;;;;;;;;;;;;;;;;;;;;;;;;;;;;;;;;;;;0,5;9;;;;;;;;;36;1;35;1
73296005;20231106;0,2;1;;;-5,0;1;340;9;2,9;1;1049;9;-1,6;1;-1,05;1;;;;;1098;9;7,9;1;-1,1;1;;;;;;;;;;;;;;;;;;;;;;;;;;;;;;;;;50;1;928;9;92;1;1747;9;0;9;612;9;4,1;9;;;76;1;;;;;;;;;;;;;;;;;;;;;;;;;;;;;;;;;;;;;;;;;;;;;0,7;9;;;;;;;;;34;1;33;1
73296005;20231107;1,3;1;;;-5,5;1;308;9;1,1;1;1141;9;-3,2;1;-2,20;1;;;;;1386;9;6,6;1;-2,2;1;;;;;;;;;;;;;;;;;;;;;;;;;;;;;;;;;49;1;1143;9;90;1;1806;9;0;9;515;9;3,6;9;;;75;1;;;;;;;;;;;;;;;;;;;;;;;;;;;;;;;;;;;;;;;;;;;;;0,7;9;;;;;;;;;33;1;33;1
73296005;20231108;0,0;1;;;-7,8;1;459;9;1,7;1;1135;9;-3,2;1;-3,05;1;;;;;1289;9;9,5;1;-3,1;1;;;;;;;;;;;;;;;;;;;;;;;;;;;;;;;;;29;1;2308;9;80;1;3;9;241;9;1;9;2,4;9;;;51;1;;;;;;;;;;;;;;;;;;;;;;;;;;;;;;;;;;;;;;;;;;;;;1,1;9;;;;;;;;;33;1;30;1
73296005;20231109;7,1;1;;;-4,6;1;1820;9;1,4;1;604;9;-1,2;1;-1,60;1;;;;;1329;9;6,0;1;-1,6;1;;;;;;;;;;;;;;;;;;;;;;;;;;;;;;;;;28;1;145;9;99;1;1913;9;37;9;675;9;3,9;9;;;72;1;;;;;;;;;;;;;;;;;;;;;;;;;;;;;;;;;;;;;;;;;;;;;0,7;9;;;;;;;;;33;1;32;1
73296005;20231110;9,2;1;;;-4,7;1;1756;9;0,1;1;1009;9;-2,5;1;-2,30;1;;;;;1431;9;4,8;1;-2,3;1;;;;;;;;;;;;;;;;;;;;;;;;;;;;;;;;;53;1;1011;9;98;1;612;9;0;9;750;9;4,0;9;;;79;1;;;;;;;;;;;;;;;;;;;;;;;;;;;;;;;;;;;;;;;;;;;;;0,5;9;;;;;;;;;54;1;35;1
73296005;20231111;6,0;1;;;-7,0;1;1748;9;2,3;1;454;9;-3,8;1;-2,35;1;;;;;1440;9;9,3;1;-2,4;1;;;;;;;;;;;;;;;;;;;;;;;;;;;;;;;;;45;1;2256;9;89;1;139;9;0;9;272;9;3,2;9;;;69;1;;;;;;;;;;;;;;;;;;;;;;;;;;;;;;;;;;;;;;;;;;;;;0,9;9;;;;;;;;;59;1;58;1
73296005;20231112;31,3;1;;;-7,4;1;2004;9;2,6;1;2314;9;-0,4;1;-2,40;1;;;;;1022;9;10,0;1;-2,4;1;;;;;;;;;;;;;;;;;;;;;;;;;;;;;;;;;32;1;47;9;100;1;442;9;10;9;1322;9;5,4;9;;;90;1;;;;;;;;;;;;;;;;;;;;;;;;;;;;;;;;;;;;;;;;;;;;;0,1;9;;;;;;;;;65;1;54;1
73296005;20231113;55,8;1;;;-1,1;1;2134;9;7,7;1;555;9;3,4;1;3,30;1;;;;;195;9;8,8;1;3,3;1;;;;;;;;;;;;;;;;;;;;;;;;;;;;;;;;;35;1;1041;9;100;1;209;9;36;9;1020;9;6,6;9;;;86;1;;;;;;;;;;;;;;;;;;;;;;;;;;;;;;;;;;;;;;;;;;;;;0,4;9;;;;;;;;;63;1;60;1
73296005;20231114;45,6;1;;;2,9;1;1948;9;9,7;1;1514;9;6,5;1;6,30;1;;;;;0;9;6,8;1;6,3;1;;;;;;;;;;;;;;;;;;;;;;;;;;;;;;;;;60;1;1128;9;93;1;442;9;0;9;128;9;7,3;9;;;75;1;;;;;;;;;;;;;;;;;;;;;;;;;;;;;;;;;;;;;;;;;;;;;0,9;9;;;;;;;;;42;1;38;1
73296005;20231115;0,0;1;;;-3,5;1;1755;9;2,1;1;1009;9;-0,8;1;-0,70;1;;;;;709;9;5,6;1;-0,7;1;;;;;;;;;;;;;;;;;;;;;;;;;;;;;;;;;46;1;2139;9;87;1;1919;9;0;9;216;9;3,9;9;;;67;1;;;;;;;;;;;;;;;;;;;;;;;;;;;;;;;;;;;;;;;;;;;;;0,9;9;;;;;;;;;21;1;21;1
73296005;20231116;9,5;1;;;-4,5;1;1940;9;7,3;1;1414;9;1,7;1;1,40;1;;;;;471;9;11,8;1;1,4;1;;;;;;;;;;;;;;;;;;;;;;;;;;;;;;;;;33;1;743;9;100;1;1233;9;51;9;281;9;4,3;9;;;62;1;;;;;;;;;;;;;;;;;;;;;;;;;;;;;;;;;;;;;;;;;;;;;1,2;9;;;;;;;;;22;1;21;1
73296005;20231117;0,0;1;;;-3,0;1;1757;9;-1,4;1;1022;9;-3,0;1;-2,20;1;;;;;1405;9;1,6;1;-2,2;1;;;;;;;;;;;;;;;;;;;;;;;;;;;;;;;;;54;1;1318;9;97;1;216;9;0;9;448;9;3,6;9;;;74;1;;;;;;;;;;;;;;;;;;;;;;;;;;;;;;;;;;;;;;;;;;;;;0,8;9;;;;;;;;;23;1;22;1
73296005;20231118;4,1;1;;;-6,9;1;8;9;6,4;1;1842;9;-0,5;1;-0,25;1;;;;;699;9;13,3;1;-0,3;1;;;;;;;;;;;;;;;;;;;;;;;;;;;;;;;;;26;1;1041;9;100;1;2109;9;99;9;759;9;4,7;9;;;77;1;;;;;;;;;;;;;;;;;;;;;;;;;;;;;;;;;;;;;;;;;;;;;0,5;9;;;;;;;;;22;1;20;1
73296005;20231119;3,3;1;;;0,9;1;206;9;8,2;1;1113;9;4,3;1;4,55;1;;;;;11;9;7,3;1;4,6;1;;;;;;;;;;;;;;;;;;;;;;;;;;;;;;;;;52;1;909;9;100;1;1;9;0;9;603;9;6,4;9;;;79;1;;;;;;;;;;;;;;;;;;;;;;;;;;;;;;;;;;;;;;;;;;;;;1,1;9;;;;;;;;;23;1;22;1
73296005;20231120;0,2;1;;;-2,3;1;339;9;5,3;1;1133;9;1,2;1;1,50;1;;;;;427;9;7,6;1;1,5;1;;;;;;;;;;;;;;;;;;;;;;;;;;;;;;;;;29;1;1204;9;99;1;416;9;185;9;528;9;4,4;9;;;68;1;;;;;;;;;;;;;;;;;;;;;;;;;;;;;;;;;;;;;;;;;;;;;1,0;9;;;;;;;;;18;1;18;1
73296005;20231121;0,0;1;;;-3,1;1;519;9;0,7;1;1141;9;-2,5;1;-1,20;1;;;;;1422;9;3,8;1;-1,2;1;;;;;;;;;;;;;;;;;;;;;;;;;;;;;;;;;72;1;1137;9;99;1;529;9;0;9;1294;9;4,4;9;;;87;1;;;;;;;;;;;;;;;;;;;;;;;;;;;;;;;;;;;;;;;;;;;;;0,4;9;;;;;;;;;17;1;17;1
73296005;20231122;0,0;1;;;-6,6;1;823;9;-1,0;1;1207;9;-4,5;1;-3,80;1;;;;;1440;9;5,6;1;-3,8;1;;;;;;;;;;;;;;;;;;;;;;;;;;;;;;;;;50;1;2314;9;86;1;102;9;0;9;443;9;3,2;9;;;73;1;;;;;;;;;;;;;;;;;;;;;;;;;;;;;;;;;;;;;;;;;;;;;0,7;9;;;;;;;;;17;1;17;1
73296005;20231123;0,0;1;;;-6,0;1;2042;9;6,8;1;1201;9;-1,0;1;0,40;1;;;;;1108;9;12,8;1;0,4;1;;;;;;;;;;;;;;;;;;;;;;;;;;;;;;;;;26;1;1142;9;87;1;411;9;187;9;3;9;3,3;9;;;60;1;;;;;;;;;;;;;;;;;;;;;;;;;;;;;;;;;;;;;;;;;;;;;1,3;9;;;;;;;;;18;1;17;1
73296005;20231124;0,4;1;;;-3,5;1;1558;9;6,2;1;1331;9;-1,4;1;1,35;1;;;;;1034;9;9,7;1;1,4;1;;;;;;;;;;;;;;;;;;;;;;;;;;;;;;;;;11;1;1334;9;91;1;1559;9;111;9;24;9;3,3;9;;;62;1;;;;;;;;;;;;;;;;;;;;;;;;;;;;;;;;;;;;;;;;;;;;;1,6;9;;;;;;;;;20;1;18;1
73296005;20231125;0,1;1;;;-10,4;1;1729;9;-7,2;1;1224;9;-8,8;1;-8,80;1;;;;;1440;9;3,2;1;-8,8;1;;;;;;;;;;;;;;;;;;;;;;;;;;;;;;;;;52;1;1227;9;90;1;2251;9;0;9;253;9;2,2;9;;;70;1;;;;;;;;;;;;;;;;;;;;;;;;;;;;;;;;;;;;;;;;;;;;;0,5;9;;;;;;;;;18;1;17;1
73296005;20231126;0,0;1;;;-13,1;1;540;9;-2,3;1;427;9;-9,2;1;-7,70;1;;;;;1440;9;10,8;1;-7,7;1;;;;;;;;;;;;;;;;;;;;;;;;;;;;;;;;;43;1;1134;9;89;1;1;9;0;9;158;9;2,0;9;;;67;1;;;;;;;;;;;;;;;;;;;;;;;;;;;;;;;;;;;;;;;;;;;;;0,7;9;;;;;;;;;18;1;17;1
73296005;20231127;19,5;1;;;-8,6;1;1805;9;0,1;1;1210;9;-3,2;1;-4,25;1;;;;;1433;9;8,7;1;-4,3;1;;;;;;;;;;;;;;;;;;;;;;;;;;;;;;;;;40;1;1204;9;97;1;1819;9;4;9;605;9;3,6;9;;;76;1;;;;;;;;;;;;;;;;;;;;;;;;;;;;;;;;;;;;;;;;;;;;;0,4;9;;;;;;;;;35;1;17;1
73296005;20231128;2,1;1;;;-6,4;1;956;9;-3,7;1;632;9;-6,0;1;-5,05;1;;;;;1440;9;2,7;1;-5,1;1;;;;;;;;;;;;;;;;;;;;;;;;;;;;;;;;;55;1;1915;9;97;1;40;9;0;9;639;9;3,1;9;;;77;1;;;;;;;;;;;;;;;;;;;;;;;;;;;;;;;;;;;;;;;;;;;;;0,5;9;;;;;;;;;57;1;51;1
73296005;20231129;13,8;1;;;-17,7;1;403;9;1,3;1;1904;9;-9,3;1;-8,20;1;;;;;1410;9;19,0;1;-8,2;1;;;;;;;;;;;;;;;;;;;;;;;;;;;;;;;;;30;1;1148;9;98;1;2331;9;119;9;688;9;2,2;9;;;70;1;;;;;;;;;;;;;;;;;;;;;;;;;;;;;;;;;;;;;;;;;;;;;0,7;9;;;;;;;;;47;1;47;1
73296005;20231130;38,6;1;;;-5,6;1;1811;9;1,2;1;2318;9;-0,3;1;-2,20;1;;;;;781;9;6,8;1;-2,2;1;;;;;;;;;;;;;;;;;;;;;;;;;;;;;;;;;94;1;2;9;100;1;309;9;0;9;1440;9;6,0;9;;;99;1;;;;;;;;;;;;;;;;;;;;;;;;;;;;;;;;;;;;;;;;;;;;;0,0;9;;;;;;;;;71;1;54;1
73296005;20231201;21,3;1;;;-2,1;1;1716;9;1,3;1;1009;9;-0,5;1;-0,40;1;;;;;543;9;3,4;1;-0,4;1;;;;;;;;;;;;;;;;;;;;;;;;;;;;;;;;;95;1;1007;9;100;1;1;9;0;9;1440;9;5,9;9;;;99;1;;;;;;;;;;;;;;;;;;;;;;;;;;;;;;;;;;;;;;;;;;;;;0,1;9;;;;;;;;;71;1;63;1
73296005;20231202;0,2;1;;;-8,5;1;1635;9;-5,4;1;731;9;-7,6;1;-6,95;1;;;;;1440;9;3,1;1;-7,0;1;;;;;;;;;;;;;;;;;;;;;;;;;;;;;;;;;61;1;1457;9;98;1;1;9;0;9;357;9;2,7;9;;;75;1;;;;;;;;;;;;;;;;;;;;;;;;;;;;;;;;;;;;;;;;;;;;;0,5;9;;;;;;;;;82;1;81;1
73296005;20231203;0,1;1;;;-17,4;1;431;9;-1,5;1;535;9;-11,6;1;-9,45;1;;;;;1440;9;15,9;1;-9,5;1;;;;;;;;;;;;;;;;;;;;;;;;;;;;;;;;;31;1;1951;9;87;1;248;9;218;9;114;9;1,4;9;;;56;1;;;;;;;;;;;;;;;;;;;;;;;;;;;;;;;;;;;;;;;;;;;;;0,7;9;;;;;;;;;72;1;70;1
73296005;20231204;7,3;1;;;-10,4;1;1805;9;-1,7;1;2323;9;-4,3;1;-6,05;1;;;;;1440;9;8,7;1;-6,1;1;;;;;;;;;;;;;;;;;;;;;;;;;;;;;;;;;23;1;530;9;97;1;2019;9;98;9;757;9;3,4;9;;;75;1;;;;;;;;;;;;;;;;;;;;;;;;;;;;;;;;;;;;;;;;;;;;;0,2;9;;;;;;;;;74;1;66;1
73296005;20231205;0,9;1;;;-8,0;1;1755;9;-4,0;1;841;9;-6,2;1;-6,00;1;;;;;1440;9;4,0;1;-6,0;1;;;;;;;;;;;;;;;;;;;;;;;;;;;;;;;;;58;1;1318;9;98;1;7;9;0;9;1026;9;3,3;9;;;85;1;;;;;;;;;;;;;;;;;;;;;;;;;;;;;;;;;;;;;;;;;;;;;0,3;9;;;;;;;;;77;1;76;1
73296005;20231206;0,1;1;;;-15,3;1;829;9;-4,3;1;1225;9;-12,2;1;-9,80;1;;;;;1440;9;11,0;1;-9,8;1;;;;;;;;;;;;;;;;;;;;;;;;;;;;;;;;;47;1;1227;9;91;1;903;9;0;9;558;9;1,8;9;;;74;1;;;;;;;;;;;;;;;;;;;;;;;;;;;;;;;;;;;;;;;;;;;;;0,5;9;;;;;;;;;74;1;73;1
73296005;20231207;3,4;1;;;-17,2;1;2026;9;3,7;1;2323;9;-6,7;1;-6,75;1;;;;;1263;9;20,9;1;-6,8;1;;;;;;;;;;;;;;;;;;;;;;;;;;;;;;;;;35;1;1109;9;83;1;27;9;52;9;5;9;2,3;9;;;59;1;;;;;;;;;;;;;;;;;;;;;;;;;;;;;;;;;;;;;;;;;;;;;0,7;9;;;;;;;;;72;1;71;1
73296005;20231208;8,1;1;;;-4,1;1;1801;9;0,9;1;1251;9;-1,8;1;-1,60;1;;;;;1299;9;5,0;1;-1,6;1;;;;;;;;;;;;;;;;;;;;;;;;;;;;;;;;;50;1;3;9;100;1;1659;9;0;9;1315;9;5,0;9;;;94;1;;;;;;;;;;;;;;;;;;;;;;;;;;;;;;;;;;;;;;;;;;;;;0,1;9;;;;;;;;;78;1;70;1
73296005;20231209;25,0;1;;;-11,2;1;558;9;3,2;1;1853;9;-3,3;1;-4,00;1;;;;;1193;9;14,4;1;-4,0;1;;;;;;;;;;;;;;;;;;;;;;;;;;;;;;;;;47;1;1025;9;100;1;1640;9;0;9;1040;9;4,2;9;;;85;1;;;;;;;;;;;;;;;;;;;;;;;;;;;;;;;;;;;;;;;;;;;;;0,2;9;;;;;;;;;83;1;78;1
73296005;20231210;25,0;1;;;-3,0;1;321;9;5,1;1;227;9;-1,4;1;1,05;1;;;;;1364;9;8,1;1;1,1;1;;;;;;;;;;;;;;;;;;;;;;;;;;;;;;;;;28;1;1716;9;100;1;2150;9;40;9;536;9;4,1;9;;;75;1;;;;;;;;;;;;;;;;;;;;;;;;;;;;;;;;;;;;;;;;;;;;;0,9;9;;;;;;;;;95;1;91;1
73296005;20231211;47,2;1;;;-2,3;1;2002;9;5,4;1;856;9;2,8;1;1,55;1;;;;;100;9;7,7;1;1,6;1;;;;;;;;;;;;;;;;;;;;;;;;;;;;;;;;;65;1;1141;9;100;1;11;9;0;9;984;9;6,3;9;;;85;1;;;;;;;;;;;;;;;;;;;;;;;;;;;;;;;;;;;;;;;;;;;;;0,1;9;;;;;;;;;97;1;91;1
73296005;20231212;33,4;1;;;0,0;1;736;9;3,3;1;1508;9;1,0;1;1,65;1;;;;;275;9;3,3;1;1,7;1;;;;;;;;;;;;;;;;;;;;;;;;;;;;;;;;;75;1;119;9;100;1;532;9;0;9;1395;9;6,4;9;;;97;1;;;;;;;;;;;;;;;;;;;;;;;;;;;;;;;;;;;;;;;;;;;;;0,2;9;;;;;;;;;89;1;80;1
73296005;20231213;5,8;1;;;-5,0;1;1800;9;-0,5;1;1114;9;-2,8;1;-2,75;1;;;;;1440;9;4,5;1;-2,8;1;;;;;;;;;;;;;;;;;;;;;;;;;;;;;;;;;54;1;1107;9;100;1;25;9;0;9;1126;9;4,5;9;;;90;1;;;;;;;;;;;;;;;;;;;;;;;;;;;;;;;;;;;;;;;;;;;;;0,4;9;;;;;;;;;101;1;99;1
73296005;20231214;0,8;1;;;-6,3;1;1835;9;-2,5;1;1250;9;-4,7;1;-4,40;1;;;;;1440;9;3,8;1;-4,4;1;;;;;;;;;;;;;;;;;;;;;;;;;;;;;;;;;72;1;143;9;98;1;239;9;0;9;1426;9;4,0;9;;;92;1;;;;;;;;;;;;;;;;;;;;;;;;;;;;;;;;;;;;;;;;;;;;;0,2;9;;;;;;;;;103;1;101;1
73296005;20231215;0,2;1;;;-12,9;1;1559;9;-4,8;1;1222;9;-9,6;1;-8,85;1;;;;;1440;9;8,1;1;-8,9;1;;;;;;;;;;;;;;;;;;;;;;;;;;;;;;;;;52;1;2340;9;97;1;13;9;0;9;745;9;2,4;9;;;78;1;;;;;;;;;;;;;;;;;;;;;;;;;;;;;;;;;;;;;;;;;;;;;0,5;9;;;;;;;;;100;1;99;1
73296005;20231216;0,0;1;;;-14,4;1;1859;9;0,8;1;1214;9;-5,0;1;-6,80;1;;;;;1399;9;15,2;1;-6,8;1;;;;;;;;;;;;;;;;;;;;;;;;;;;;;;;;;42;1;1216;9;80;1;145;9;0;9;1;9;2,4;9;;;56;1;;;;;;;;;;;;;;;;;;;;;;;;;;;;;;;;;;;;;;;;;;;;;0,8;9;;;;;;;;;98;1;96;1
73296005;20231217;0,0;1;;;-3,8;1;111;9;5,7;1;1138;9;-1,0;1;0,95;1;;;;;1137;9;9,5;1;1,0;1;;;;;;;;;;;;;;;;;;;;;;;;;;;;;;;;;40;1;1137;9;66;1;353;9;4;9;0;9;3,1;9;;;55;1;;;;;;;;;;;;;;;;;;;;;;;;;;;;;;;;;;;;;;;;;;;;;1,3;9;;;;;;;;;94;1;93;1
73296005;20231218;0,0;1;;;-5,5;1;642;9;7,0;1;1156;9;-2,0;1;0,75;1;;;;;1178;9;12,5;1;0,8;1;;;;;;;;;;;;;;;;;;;;;;;;;;;;;;;;;31;1;1129;9;70;1;2101;9;177;9;0;9;2,8;9;;;54;1;;;;;;;;;;;;;;;;;;;;;;;;;;;;;;;;;;;;;;;;;;;;;1,6;9;;;;;;;;;92;1;91;1
73296005;20231219;0,0;1;;;-6,4;1;915;9;6,6;1;1212;9;-2,9;1;0,10;1;;;;;1240;9;13,0;1;0,1;1;;;;;;;;;;;;;;;;;;;;;;;;;;;;;;;;;30;1;1154;9;73;1;952;9;155;9;0;9;2,7;9;;;56;1;;;;;;;;;;;;;;;;;;;;;;;;;;;;;;;;;;;;;;;;;;;;;1,6;9;;;;;;;;;91;1;91;1
73296005;20231220;0,2;1;;;-6,7;1;1932;9;0,5;1;1139;9;-3,9;1;-3,10;1;;;;;1425;9;7,2;1;-3,1;1;;;;;;;;;;;;;;;;;;;;;;;;;;;;;;;;;47;1;259;9;99;1;1617;9;0;9;822;9;3,6;9;;;79;1;;;;;;;;;;;;;;;;;;;;;;;;;;;;;;;;;;;;;;;;;;;;;0,7;9;;;;;;;;;90;1;89;1
73296005;20231221;8,5;1;;;-8,8;1;2316;9;1,1;1;1753;9;-2,9;1;-3,85;1;;;;;1236;9;9,9;1;-3,9;1;;;;;;;;;;;;;;;;;;;;;;;;;;;;;;;;;79;1;1753;9;100;1;1559;9;0;9;1432;9;4,6;9;;;92;1;;;;;;;;;;;;;;;;;;;;;;;;;;;;;;;;;;;;;;;;;;;;;0,1;9;;;;;;;;;99;1;88;1
73296005;20231222;2,0;1;;;-2,2;1;809;9;0,0;1;2030;9;-1,1;1;-1,10;1;;;;;1440;9;2,2;1;-1,1;1;;;;;;;;;;;;;;;;;;;;;;;;;;;;;;;;;62;1;1628;9;90;1;316;9;0;9;621;9;4,4;9;;;78;1;;;;;;;;;;;;;;;;;;;;;;;;;;;;;;;;;;;;;;;;;;;;;0,5;9;;;;;;;;;99;1;94;1
73296005;20231223;0,0;1;;;-4,3;1;703;9;2,2;1;1931;9;-3,2;1;-1,05;1;;;;;1307;9;6,5;1;-1,1;1;;;;;;;;;;;;;;;;;;;;;;;;;;;;;;;;;19;1;1931;9;99;1;1452;9;159;9;985;9;3,8;9;;;81;1;;;;;;;;;;;;;;;;;;;;;;;;;;;;;;;;;;;;;;;;;;;;;1,2;9;;;;;;;;;92;1;90;1
73296005;20231224;0,0;1;;;-8,1;1;57;9;5,4;1;1257;9;-1,5;1;-1,35;1;;;;;818;9;13,5;1;-1,4;1;;;;;;;;;;;;;;;;;;;;;;;;;;;;;;;;;26;1;652;9;89;1;2359;9;277;9;58;9;3,0;9;;;55;1;;;;;;;;;;;;;;;;;;;;;;;;;;;;;;;;;;;;;;;;;;;;;1,2;9;;;;;;;;;93;1;93;1
73296005;20231225;0,0;1;;;-7,4;1;111;9;5,3;1;1219;9;-4,0;1;-1,05;1;;;;;1251;9;12,7;1;-1,1;1;;;;;;;;;;;;;;;;;;;;;;;;;;;;;;;;;53;1;1220;9;94;1;122;9;0;9;603;9;3,5;9;;;77;1;;;;;;;;;;;;;;;;;;;;;;;;;;;;;;;;;;;;;;;;;;;;;0,9;9;;;;;;;;;91;1;90;1
73296005;20231226;0,1;1;;;-10,4;1;551;9;-0,2;1;1353;9;-6,6;1;-5,30;1;;;;;1440;9;10,2;1;-5,3;1;;;;;;;;;;;;;;;;;;;;;;;;;;;;;;;;;40;1;1358;9;85;1;34;9;3;9;17;9;2,3;9;;;61;1;;;;;;;;;;;;;;;;;;;;;;;;;;;;;;;;;;;;;;;;;;;;;1,1;9;;;;;;;;;91;1;90;1
73296005;20231227;0,0;1;;;-9,5;1;137;9;7,4;1;1220;9;-1,6;1;-1,05;1;;;;;819;9;16,9;1;-1,1;1;;;;;;;;;;;;;;;;;;;;;;;;;;;;;;;;;28;1;1348;9;80;1;146;9;528;9;3;9;2,5;9;;;47;1;;;;;;;;;;;;;;;;;;;;;;;;;;;;;;;;;;;;;;;;;;;;;1,6;9;;;;;;;;;90;1;90;1
73296005;20231228;3,6;1;;;-5,9;1;608;9;4,4;1;1935;9;-0,9;1;-0,75;1;;;;;727;9;10,3;1;-0,8;1;;;;;;;;;;;;;;;;;;;;;;;;;;;;;;;;;19;1;1801;9;99;1;2356;9;207;9;111;9;2,9;9;;;52;1;;;;;;;;;;;;;;;;;;;;;;;;;;;;;;;;;;;;;;;;;;;;;1,4;9;;;;;;;;;90;1;89;1
73296005;20231229;1,6;1;;;-1,8;1;2311;9;0,9;1;601;9;-0,4;1;-0,45;1;;;;;927;9;2,7;1;-0,5;1;;;;;;;;;;;;;;;;;;;;;;;;;;;;;;;;;72;1;1637;9;99;1;1;9;0;9;1385;9;5,3;9;;;90;1;;;;;;;;;;;;;;;;;;;;;;;;;;;;;;;;;;;;;;;;;;;;;0,2;9;;;;;;;;;90;1;89;1
73296005;20231230;0,0;1;;;-9,3;1;742;9;3,3;1;1214;9;-3,9;1;-3,00;1;;;;;1276;9;12,6;1;-3,0;1;;;;;;;;;;;;;;;;;;;;;;;;;;;;;;;;;28;1;1208;9;99;1;13;9;219;9;420;9;2,7;9;;;59;1;;;;;;;;;;;;;;;;;;;;;;;;;;;;;;;;;;;;;;;;;;;;;1,0;9;;;;;;;;;92;1;91;1
73296005;20231231;8,1;1;;;-6,8;1;2219;9;2,4;1;953;9;-1,9;1;-2,20;1;;;;;1082;9;9,2;1;-2,2;1;;;;;;;;;;;;;;;;;;;;;;;;;;;;;;;;;46;1;1044;9;97;1;1755;9;0;9;520;9;3,7;9;;;71;1;;;;;;;;;;;;;;;;;;;;;;;;;;;;;;;;;;;;;;;;;;;;;0,7;9;;;;;;;;;106;1;92;1
73296005;20240101;0,0;1;;;-12,6;1;1612;9;-1,0;1;545;9;-8,4;1;-6,80;1;;;;;1440;9;11,6;1;-6,8;1;;;;;;;;;;;;;;;;;;;;;;;;;;;;;;;;;60;1;1206;9;96;1;358;9;0;9;785;9;2,6;9;;;79;1;;;;;;;;;;;;;;;;;;;;;;;;;;;;;;;;;;;;;;;;;;;;;0,5;9;;;;;;;;;107;1;106;1
